Non	Rg	NON
,	Fw	,
je	Pp	JE
ne	Rp	NE
ferai	Vvc	FAIRE|FERRER
rien	Pi	RIEN
;	Fw	;
tenez	Vvc	TENIR
,	Fw	,
reprenez	Vvc	REPRENDRE
vos	Ds	VOTRE
habits	Nc	HABIT|HABITS
:	Fw	:
je	Pp	JE
ne	Rp	NE
veux	Vvc	VOULOIR
point	Rg	POINT
être	Vun	ÊTRE
fou	Ag	FOU
par	S	PAR
compagnie	Nc	COMPAGNIE
:	Fw	:
et	Cc	ET
je	Pp	JE
ne	Rp	NE
saurais	Vvc	SAURER|SAVOIR
me	Pp	JE
résoudre	Vvn	RÉSOUDRE
à	S	À
tromper	Vvn	TROMPER
tant	Rg	TANT
d'	S	DE
honnêtes	Ag	HONNÊTE
gens	Nc	GENS|GENT
,	Fw	,
comme	Cs	COMME
je	Pp	JE
vois	Vvc	ALLER|VOIR
qu'	Cs	QUE
il	Pp	IL
y	Pp	Y
en	Pp	EN
a	Vuc	AVOIR
ici	Rg	ICI
.	Fs	.
Je	Pp	JE
ne	Rp	NE
sais	Vvc	SAVOIR
(	Fw	(
Messieurs	Nc	MONSIEUR
)	Fw	)
quelle	Dt	QUEL
extravagance	Nc	EXTRAVAGANCE
est	Vuc	ÊTRE
aujourd'hui	Rg	AUJOURD'HUI
celle	Pd	CELUI
de	S	DE
mes	Ds	MON
Compagnons	Nc	COMPAGNON
,	Fw	,
mais	Cc	MAIS
elle	Pp	IL
est	Vuc	ÊTRE
bien	Rg	BIEN
si	Rg	SI
grande	Ag	GRAND
,	Fw	,
que	Cs	QUE
je	Pp	JE
suis	Vuc	ÊTRE
forcé	Ge	FORCER
de	S	DE
croire	Vvn	CROIRE
,	Fw	,
que	Cs	QUE
quelque	Di	QUELQUE
charme	Nc	CHARME
leur	Pp	LEUR
dérobe	Vvc	DÉROBER
la	Da	LE
raison	Nc	RAISON
,	Fw	,
et	Cc	ET
le	Da	LE
pire	Nc	PIRE
que	Pr	QUE
j'	Pp	JE
y	Pp	Y
vois	Vvc	ALLER|VOIR
,	Fw	,
c'	Pd	CE
est	Vuc	ÊTRE
,	Fw	,
qu'	Cs	QUE
ils	Pp	ILS
tâchent	Vvc	TÂCHER
de	S	DE
me	Pp	JE
la	Pp	IL
faire	Vvn	FAIRE
perdre	Vvn	PERDRE
,	Fw	,
et	Cc	ET
à	S	À
vous	Pp	VOUS
autres	Pi	AUTRE
aussi	Rg	AUSSI
.	Fs	.
Ils	Pp	ILS
veulent	Vvc	VOULOIR
me	Pp	JE
persuader	Vvn	PERSUADER
que	Cs	QUE
je	Pp	JE
ne	Rp	NE
suis	Vuc	ÊTRE
point	Rg	POINT
sur	S	SUR
un	Dn	UN
théâtre	Nc	THÉÂTRE
;	Fw	;
ils	Pp	ILS
disent	Vvc	DIRE
que	Cs	QUE
c'	Pd	CE
est	Vuc	ÊTRE
ici	Rg	ICI
la	Da	LE
ville	Nc	VILLE
de	S	DE
Lyon	Nc	Lyon
,	Fw	,
que	Cs	QUE
voilà	S	VOILÀ
une	Dn	UN
hôtellerie	Nc	HÔTELLERIE
;	Fw	;
et	Cc	ET
que	Cs	QUE
voici	S	VOICI
un	Dn	UN
jeu	Nc	JEU
de	S	DE
paume	Nc	PAUME|PAUMÉ
,	Fw	,
où	Pr	OÙ
des	Dn	UN
Comédiens	Nc	Comédiens
qui	Pr	QUI
ne	Rp	NE
sont	Vuc	ÊTRE
point	Rg	POINT
nous	Pp	NOUS
,	Fw	,
et	Cc	ET
lesquels	Pr	LEQUEL
nous	Pp	NOUS
sommes	Vuc	ÊTRE
pourtant	Rg	POURTANT
,	Fw	,
représentent	Vvc	REPRÉSENTER
une	Dn	UN
Pastorale	Nc	Pastorale
,	Fw	,
ces	Dd	CE
insensés	Ag	INSENSÉ
ont	Vuc	AVOIR
tous	Pi	TOUT
pris	Ge	PRENDRE
des	S+Da	DE+LE|DE+LES
noms	Nc	NOM
de	S	DE
guerre	Nc	GUERRE
,	Fw	,
et	Cc	ET
pensent	Vvc	PENSER
vous	Pp	VOUS
être	Vun	ÊTRE
inconnus	Ag	INCONNU
,	Fw	,
en	S	EN
s'	Pp	SE
appelant	Ga	APPELER
,	Fw	,
Belle-Ombre	Vvc	Belle-Ombre
,	Fw	,
Beau-Soleil	Nc	Beau-Soleil
,	Fw	,
Beau-Séjour	Nc	Beau-Séjour
,	Fw	,
et	Cc	ET
d'	S	DE
autres	Pi	AUTRE
encore	Rg	ENCORE
tous	Di	TOUT
semblables	Nc	SEMBLABLE
;	Fw	;
ils	Pp	ILS
veulent	Vvc	VOULOIR
que	Cs	QUE
vous	Pp	VOUS
croyez	Vvc	CROIRE
être	Vun	ÊTRE
au	S+Da	À+LE
bord	Nc	BORD
du	S+Da	DE+LE
Rhône	Nc	Rhône
,	Fw	,
et	Cc	ET
non	Rg	NON
pas	Rg	PAS
à	S	À
celui	Pd	CELUI
de	S	DE
la	Da	LE
Seine	Nc	SEINE
;	Fw	;
et	Cc	ET
sans	S	SANS
partir	Vvn	PARTIR
de	S	DE
Paris	Nc	PARI
,	Fw	,
ils	Pp	ILS
prétendent	Vvc	PRÉTENDRE
vous	Pp	VOUS
faire	Vvn	FAIRE
passer	Vvn	PASSER
pour	S	POUR
des	Dn	UN
habitants	Nc	HABITANT
de	S	DE
Lyon	Nc	Lyon
:	Fw	:
à	S	À
moi-même	Pp	LUI-MÊME
ces	Dd	CE
Messieurs	Nc	MONSIEUR
des	S+Da	DE+LE|DE+LES
petites	Ag	PETIT
Maisons	Nc	MAISON
,	Fw	,
me	Pp	JE
veulent	Vvc	VOULOIR
persuader	Vvn	PERSUADER
que	Cs	QUE
la	Da	LE
métempsychose	Nc	métempsychose
est	Vuc	ÊTRE
vraie	Ag	VRAI
,	Fw	,
et	Cc	ET
que	Cs	QUE
par	S	PAR
conséquent	Ag	CONSÉQUENT
Pythagore	Nc	Pythagore
était	Vuc	ÊTRE
un	Dn	UN
évangéliste	Nc	ÉVANGÉLISTE
car	Cc	CAR
ils	Pp	ILS
disent	Vvc	DIRE
que	Cs	QUE
je	Pp	JE
suis	Vuc	ÊTRE
un	Dn	UN
certain	Ag	CERTAIN
monsieur	Nc	MONSIEUR
de	S	DE
Blandimare	Nc	Blandimare
,	Fw	,
bien	Rg	BIEN
que	Cs	QUE
je	Pp	JE
m'	Pp	JE
appelle	Vvc	APPELER
véritablement	Rg	VÉRITABLEMENT
Mondory	Ag	Mondory
,	Fw	,
et	Cc	ET
voyez	Vvc	VOIR
s'	Cs	SI
ils	Pp	ILS
ont	Vuc	AVOIR
le	Da	LE
sens	Nc	SENS
bien	Rg	BIEN
égaré	Ge	ÉGARER
,	Fw	,
ils	Pp	ILS
doivent	Vvc	DEVOIR
faire	Vvn	FAIRE
passer	Vvn	PASSER
ici	Rg	ICI
un	Dn	UN
tambour	Nc	TAMBOUR
et	Cc	ET
un	Dn	UN
arlequin	Nc	ARLEQUIN
,	Fw	,
comme	Cs	COMME
le	Pp	IL
pratiquent	Vvc	PRATIQUER
les	Da	LE
petites	Ag	PETIT
troupes	Nc	TROUPE
dedans	Rg	DEDANS
,	Fw	,
les	Da	LE
petites	Ag	PETIT
villes	Nc	VILLE
;	Fw	;
n'	Rp	NE
est	Vuc	ÊTRE
-ce	Vvc	-ce
pas	Rg	PAS
se	Pp	IL
faire	Vvn	FAIRE
tort	Nc	TORT
,	Fw	,
et	Cc	ET
vous	Pp	VOUS
offenser	Vvn	OFFENSER
aussi	Rg	AUSSI
?	Fs	?
Mais	Cc	MAIS
ce	Pd	CE
n'	Rp	NE
est	Vuc	ÊTRE
point	Rg	POINT
encore	Rg	ENCORE
tout	Rg	TOUT
,	Fw	,
leur	Ds	LEUR
folie	Nc	FOLIE
va	Vvc	ALLER
bien	Rg	BIEN
plus	Rg	PLUS
avant	Rg	AVANT
,	Fw	,
car	Cc	CAR
la	Da	LE
pièce	Nc	PIÈCE
qu'	Pr	QUE
ils	Pp	ILS
représentent	Vvc	REPRÉSENTER
,	Fw	,
ne	Rp	NE
saurait	Vvc	SAURER|SAVOIR
durer	Vvn	DURER
qu'	Cs	QUE
une	Dn	UN
heure	Nc	HEURE|HURE
et	Cc	ET
demie	Nc	DEMIE
,	Fw	,
mais	Cc	MAIS
ces	Dd	CE
insensés	Ag	INSENSÉ
assurent	Vvc	ASSURER
,	Fw	,
qu'	Cs	QUE
elle	Pp	IL
en	Pp	EN
dure	Vvc	DURER
vingt	Nc	VINGT
et	Cc	ET
quatre	Nc	QUATRE
et	Cc	ET
ces	Dd	CE
esprits	Nc	ESPRIT|ESPRITS
déréglés	Ge	DÉRÉGLER
,	Fw	,
appellent	Vvc	APPELER
cela	Pd	CELA
suivre	Vvn	SUIVRE
les	Da	LE
règles	Nc	RÈGLE
,	Fw	,
mais	Cc	MAIS
s'	Pp	SE
ils	Pp	ILS
étaient	Vuc	ÊTRE
véritables	Ag	VÉRITABLE
,	Fw	,
vous	Pp	VOUS
devriez	Vvc	DEVOIR
envoyer	Vvn	ENVOYER
quérir	Vvn	QUÉRIR
à	S	À
dîner	Vvn	DÎNER
,	Fw	,
à	S	À
souper	Nc	SOUPER
,	Fw	,
et	Cc	ET
des	S+Da	DE+LE|DE+LES
lits	Nc	LIT
;	Fw	;
jugez	Vvc	JUGER
si	Cs	SI
vous	Pp	VOUS
ne	Rp	NE
seriez	Vuc	ÊTRE
pas	Rg	PAS
couchés	Ge	COUCHER
bien	Rg	BIEN
chaudement	Rg	CHAUDEMENT
,	Fw	,
de	S	DE
dormir	Vvn	DORMIR
dans	S	DANS
un	Dn	UN
jeu	Nc	JEU
de	S	DE
Paume	Nc	PAUME|PAUMÉ
:	Fw	:
enfin	Rg	ENFIN
leur	Ds	LEUR
manie	Nc	MANIE
m'	Pp	JE
oblige	Vvc	OBLIGER
à	S	À
faire	Vvn	FAIRE
un	Dn	UN
voyage	Nc	VOYAGE
a	Vuc	AVOIR
Saint-Mathurin	Ag	Saint-Mathurin
pour	S	POUR
eux	Pp	EUX
,	Fw	,
où	Pr	OÙ
je	Pp	JE
m'	Pp	JE
en	Pp	EN
vais	Vvc	ALLER
et	Cc	ET
cependant	Rg	CEPENDANT
(	Fw	(
Messieurs	Nc	MONSIEUR
)	Fw	)
ne	Rp	NE
les	Pp	ILS
croyez	Vvc	CROIRE
pas	Rg	PAS
,	Fw	,
quoiqu'ils	Cs	quoiqu'ils
puissent	Vvc	POUVOIR
dire	Vvn	DIRE
;	Fw	;
car	Cc	CAR
je	Pp	JE
meure	Vvc	MURER
s'	Cs	SI
il	Pp	IL
y	Pp	Y
aura	Vuc	AVOIR
rien	Pi	RIEN
de	S	DE
véritable	Ag	VÉRITABLE
:	Fw	:
mais	Cc	MAIS
il	Pp	IL
est	Vuc	ÊTRE
bien	Rg	BIEN
tard	Rg	TARD
pour	S	POUR
partir	Vvn	PARTIR
et	Cc	ET
le	Da	LE
Soleil	Nc	SOLEIL
s'	Pp	SE
abaisse	Vvc	ABAISSER
fort	Rg	FORT
,	Fw	,
de	S	DE
sorte	Nc	SORTE
que	Cs	QUE
puisque	Cs	PUISQUE
je	Pp	JE
suis	Vuc	ÊTRE
contraint	Ge	CONTRAINDRE
de	S	DE
remettre	Vvn	REMETTRE
mon	Ds	MON
voyage	Nc	VOYAGE
à	S	À
demain	Rg	DEMAIN
,	Fw	,
il	Pp	IL
faut	Vvc	FAILLIR|FALLOIR
nécessairement	Rg	NÉCESSAIREMENT
que	Cs	QUE
je	Pp	JE
m'	Pp	JE
accommode	Vvc	ACCOMMODER
pour	S	POUR
aujourd'hui	Rg	AUJOURD'HUI
,	Fw	,
à	S	À
l'	Da	LE
humeur	Nc	HUMEUR
de	S	DE
ces	Dd	CE
Passerellis	Nc	Passerellis
;	Fw	;
car	Cc	CAR
elle	Pp	IL
se	Pp	IL
peut	Vvc	POUVOIR
vaincre	Vvn	VAINCRE
par	S	PAR
la	Da	LE
douceur	Nc	DOUCEUR
,	Fw	,
et	Cc	ET
s'	Pp	SE
irrite	Vvc	IRRITER
par	S	PAR
la	Da	LE
résistance	Nc	RÉSISTANCE
:	Fw	:
et	Cc	ET
de	S	DE
peur	Nc	PEUR
de	S	DE
les	Pp	ILS
mettre	Vvn	METTRE
en	S	EN
mauvaise	Ag	MAUVAIS
,	Fw	,
ne	Rp	NE
dites	Vvc	DIRE
mot	Nc	MOT
je	Pp	JE
vous	Pp	VOUS
supplie	Vvc	SUPPLIER
:	Fw	:
parce	Vvc	parce
qu'	Cs	QUE
étant	Ga	ÊTRE
mélancoliques	Ag	MÉLANCOLIQUE
,	Fw	,
ils	Pp	ILS
sont	Vuc	ÊTRE
amateurs	Ag	AMATEUR
du	S+Da	DE+LE
silence	Nc	SILENCE
.	Fs	.
Je	Pp	JE
meure	Vvc	MURER
s'	Cs	SI
il	Pp	IL
n'	Rp	NE
est	Vuc	ÊTRE
vrai	Ag	VRAI
que	Cs	QUE
tout	Pi	TOUT
ce	Pd	CE
qui	Pr	QUI
reluit	Vvc	RELUIRE
n'	Rp	NE
est	Vuc	ÊTRE
pas	Rg	PAS
or	Rg	OR
:	Fw	:
et	Cc	ET
que	Cs	QUE
les	Da	LE
belles	Ag	BEAU
apparences	Nc	APPARENCE
sont	Vuc	ÊTRE
le	Da	LE
plus	Rg	PLUS
souvent	Rg	SOUVENT
trompeuses	Ag	TROMPEUSE
,	Fw	,
avant	S	AVANT
qu'	Rg	QUE
avoir	Vun	AVOIR
goûté	Ge	GOÛTER
la	Da	LE
forme	Nc	FORME
de	S	DE
vie	Nc	VIE
que	Pr	QUE
je	Pp	JE
mène	Vvc	MENER
,	Fw	,
je	Pp	JE
me	Pp	JE
l'	Pp	IL
imaginais	Vvc	IMAGINER
la	Da	LE
plus	Rg	PLUS
agréable	Ag	AGRÉABLE
de	S	DE
toutes	Pi	TOUT
:	Fw	:
et	Cc	ET
je	Pp	JE
croyais	Vvc	CROIRE
indubitablement	Rg	INDUBITABLEMENT
la	Da	LE
comédie	Nc	COMÉDIE
aussi	Rg	AUSSI
plaisante	Ga	PLAIRE
à	S	À
faire	Vvn	FAIRE
,	Fw	,
qu'	Cs	QUE
à	S	À
voir	Vvn	VOIR
:	Fw	:
mais	Cc	MAIS
l'	Da	LE
expérience	Nc	EXPÉRIENCE
m'	Pp	JE
a	Vuc	AVOIR
contraint	Ge	CONTRAINDRE
de	S	DE
changer	Vvn	CHANGER
d'	S	DE
opinion	Nc	OPINION
:	Fw	:
et	Cc	ET
certes	Rg	CERTES
il	Pp	IL
faudrait	Vvc	FAILLIR|FALLOIR
que	Cs	QUE
j'	Pp	JE
eusse	Vuc	AVOIR
le	Da	LE
goût	Nc	GOÛT
bien	Rg	BIEN
malade	Ag	MALADE
,	Fw	,
pour	S	POUR
ne	Rp	NE
savoir	Vvn	SAVOIR
pas	Rg	PAS
faire	Vvn	FAIRE
la	Da	LE
différence	Nc	DIFFÉRENCE
de	S	DE
ces	Dd	CE
deux	Nc	DEUX
choses	Nc	CHOSE
,	Fw	,
puisque	Cs	PUISQUE
l'	Da	LE
une	Pi	UN
commence	Vvc	COMMENCER
,	Fw	,
continue	Vvc	CONTINUER
,	Fw	,
et	Cc	ET
finit	Vvc	FINIR
avec	S	AVEC
plaisir	Nc	PLAISIR
,	Fw	,
et	Cc	ET
que	Cs	QUE
l'	Da	LE
autre	Pi	AUTRE
au	S+Da	À+LE
contraire	Nc	CONTRAIRE
,	Fw	,
est	Vuc	ÊTRE
suivie	Ge	SUIVRE
de	S	DE
mille	Nc	MILLE
incommodités	Nc	INCOMMODITÉ
.	Fs	.
Ce	Pd	CE
n'	Rp	NE
est	Vuc	ÊTRE
pas	Rg	PAS
que	Cs	QUE
la	Da	LE
qualité	Nc	QUALITÉ
que	Pr	QUE
nous	Pp	NOUS
avons	Vuc	AVOIR
de	S	DE
bourgeois	Nc	BOURGEOIS
de	S	DE
l'	Da	LE
univers	Nc	UNIVERS
,	Fw	,
ou	Cc	OU
de	S	DE
Citoyens	Nc	CITOYEN
du	S+Da	DE+LE
Monde	Nc	MONDE
,	Fw	,
ne	Rp	NE
soit	Vuc	ÊTRE
capable	Ag	CAPABLE
de	S	DE
contenter	Vvn	CONTENTER
l'	Da	LE
esprit	Nc	ESPRIT
d'	S	DE
un	Dn	UN
jeune	Ag	JEUNE
homme	Nc	HOMME
,	Fw	,
par	S	PAR
les	Da	LE
diversités	Nc	DIVERSITÉ
qu'	Pr	QUE
elle	Pp	IL
présente	Vvc	PRÉSENTER
à	S	À
la	Da	LE
curiosité	Nc	CURIOSITÉ
,	Fw	,
comme	Cs	COMME
à	S	À
sa	Ds	SON
vue	Nc	VUE
,	Fw	,
mais	Cc	MAIS
ce	Pd	CE
peu	Rg	PEU
de	S	DE
douceur	Nc	DOUCEUR
est	Vuc	ÊTRE
mêlé	Ge	MÊLER
de	S	DE
tant	Rg	TANT
d'	S	DE
amertume	Nc	AMERTUME
,	Fw	,
et	Cc	ET
ces	Dd	CE
roses	Ag	ROSE
accompagnées	Ge	ACCOMPAGNER
de	S	DE
tant	Rg	TANT
d'	S	DE
épines	Nc	ÉPINE
,	Fw	,
qu'	Cs	QUE
il	Pp	IL
est	Vuc	ÊTRE
impossible	Ag	IMPOSSIBLE
de	S	DE
prendre	Vvn	PRENDRE
l'	Da	LE
une	Pi	UN
sans	S	SANS
dégoût	Nc	DÉGOÛT
,	Fw	,
ni	Cc	NI
de	S	DE
toucher	Vvn	TOUCHER
aux	S+Da	À+LES
autres	Pi	AUTRE
sans	S	SANS
piqûre	Nc	PIQÛRE
.	Fs	.
Quoi	Pt	QUE|QUOI
que	Cs	QUE
le	Da	LE
personnage	Nc	PERSONNAGE
que	Pr	QUE
je	Pp	JE
joue	Vvc	JOUER
à	S	À
cette	Dd	CE
porte	Nc	PORTE|PORTÉ
,	Fw	,
ne	Rp	NE
soit	Vuc	ÊTRE
pas	Rg	PAS
le	Da	LE
plus	Rg	PLUS
honorable	Ag	HONORABLE
,	Fw	,
il	Pp	IL
est	Vuc	ÊTRE
pourtant	Rg	POURTANT
le	Da	LE
plus	Rg	PLUS
utile	Ag	UTILE
,	Fw	,
et	Cc	ET
comme	Cs	COMME
il	Pp	IL
fait	Vvc	FAIRE
la	Da	LE
part	Nc	PART
à	S	À
mes	Ds	MON
compagnons	Nc	COMPAGNON
,	Fw	,
je	Pp	JE
n'	Rp	NE
ai	Vuc	AVOIR
pas	Rg	PAS
la	Da	LE
mémoire	Nc	MÉMOIRE
si	Rg	SI
mauvaise	Ag	MAUVAIS
,	Fw	,
que	Cs	QUE
j'	Pp	JE
oublie	Vvc	OUBLIER
à	S	À
faire	Vvn	FAIRE
la	Da	LE
mienne	Ps	MIEN
bonne	Ag	BON
;	Fw	;
mais	Cc	MAIS
le	Da	LE
malheur	Nc	MALHEUR
est	Vuc	ÊTRE
,	Fw	,
que	Cs	QUE
mon	Ds	MON
industrie	Nc	INDUSTRIE
ne	Rp	NE
trouve	Vvc	TROUVER
point	Rg	POINT
où	Pr	OÙ
agir	Vvn	AGIR
pleinement	Rg	PLEINEMENT
,	Fw	,
à	S	À
cause	Nc	CAUSE
de	S	DE
l'	Da	LE
humeur	Nc	HUMEUR
de	S	DE
ces	Dd	CE
habitants	Nc	HABITANT
,	Fw	,
plus	Rg	PLUS
froide	Ag	FROID
que	Cs	QUE
la	Da	LE
saison	Nc	SAISON
où	Pr	OÙ
nous	Pp	NOUS
sommes	Vuc	ÊTRE
,	Fw	,
de	S	DE
sorte	Nc	SORTE
que	Cs	QUE
si	Cs	SI
ce	Dd	CE
désordre	Nc	DÉSORDRE
continue	Vvc	CONTINUER
,	Fw	,
BELLE	Nc	BEAU
OMBRE	Vvc	OMBRER
,	Fw	,
je	Pp	JE
pense	Vvc	PENSER
que	Cs	QUE
le	Da	LE
meilleur	Nc	MEILLEUR
sera	Vuc	ÊTRE
de	S	DE
nous	Pp	NOUS
y	Pp	Y
tenir	Vvn	TENIR
,	Fw	,
c'	Pd	CE
est	Vuc	ÊTRE
à	S	À
dire	Vvn	DIRE
,	Fw	,
d'	S	DE
aller	Vvn	ALLER
revoir	Vvn	REVOIR
les	Da	LE
clochers	Nc	CLOCHER
de	S	DE
notre	Ds	NOTRE
ville	Nc	VILLE
,	Fw	,
et	Cc	ET
demeurer	Vvn	DEMEURER
à	S	À
la	Da	LE
maison	Nc	MAISON
clos	Ge	CLORE
et	Cc	ET
couvert	Ge	COUVRIR
de	S	DE
peur	Nc	PEUR
du	S+Da	DE+LE
hâle	Nc	HÂLE
.	Fs	.
Mais	Cc	MAIS
voici	S	VOICI
notre	Ds	NOTRE
tambour	Nc	TAMBOUR
et	Cc	ET
notre	Ds	NOTRE
Arlequin	Nc	ARLEQUIN
revenus	Nc	REVENU
,	Fw	,
et	Cc	ET
je	Pp	JE
pense	Vvc	PENSER
puisque	Cs	PUISQUE
je	Pp	JE
ne	Rp	NE
vois	Vvc	ALLER|VOIR
venir	Vvn	VENIR
personne	Pi	PERSONNE
,	Fw	,
que	Cs	QUE
le	Da	LE
bruit	Nc	BRUIT
qu'	Pr	QUE
ils	Pp	ILS
ont	Vuc	AVOIR
fait	Ge	FAIRE
par	S	PAR
les	Da	LE
rues	Nc	RUE
,	Fw	,
n'	Rp	NE
aura	Vuc	AVOIR
pas	Rg	PAS
été	Ge	ÊTRE
plus	Rg	PLUS
persuasif	Ag	PERSUASIF
,	Fw	,
que	Cs	QUE
les	Da	LE
menteries	Nc	MENTERIE
de	S	DE
l'	Da	LE
affiche	Nc	AFFICHE
.	Fs	.
Nous	Pp	NOUS
pouvons	Vvc	POUVOIR
bien	Rg	BIEN
bander	Vvn	BANDER
notre	Ds	NOTRE
caisse	Nc	CAISSE
,	Fw	,
et	Cc	ET
notre	Ds	NOTRE
tambour	Nc	TAMBOUR
débander	Vvn	DÉBANDER
la	Da	LE
sienne	Ps	SIEN
:	Fw	:
car	Cc	CAR
désormais	Rg	DÉSORMAIS
je	Pp	JE
ne	Rp	NE
vois	Vvc	ALLER|VOIR
point	Rg	POINT
d'	S	DE
apparence	Nc	APPARENCE
que	Pr	QUE
nous	Pp	NOUS
fassions	Vvc	FAIRE
rien	Pi	RIEN
ici	Rg	ICI
,	Fw	,
il	Pp	IL
n'	Rp	NE
est	Vuc	ÊTRE
grande	Ag	GRAND
ni	Cc	NI
petite	Ag	PETIT
rue	Nc	RUE
,	Fw	,
que	Cs	QUE
nous	Pp	NOUS
n'	Rp	NE
ayons	Vuc	AVOIR
visitée	Ge	VISITER
quatre	Nc	QUATRE
fois	Nc	FOI|FOIS
,	Fw	,
avec	S	AVEC
plus	Rg	PLUS
de	S	DE
soin	Nc	SOIN
,	Fw	,
que	Cs	QUE
si	Cs	SI
nous	Pp	NOUS
eussions	Vuc	AVOIR
eu	Ge	AVOIR
ordre	Nc	ORDRE
du	S+Da	DE+LE
Magistrat	Vvc	Magistrat
de	S	DE
faire	Vvn	FAIRE
la	Da	LE
patrouille	Nc	PATROUILLE
:	Fw	:
mais	Cc	MAIS
le	Da	LE
tout	Pi	TOUT
inutilement	Rg	INUTILEMENT
,	Fw	,
et	Cc	ET
puissai	Vvc	puissai
-je	Nc	-je
ne	Rp	NE
souper	Vvn	SOUPER
d'	S	DE
aujourd'hui	Rg	AUJOURD'HUI
,	Fw	,
à	S	À
voir	Vvn	VOIR
le	Da	LE
peu	Rg	PEU
d'	S	DE
émotion	Nc	ÉMOTION
que	Cs	QUE
ma	Ds	MON
présence	Nc	PRÉSENCE
leur	Pp	LEUR
apporte	Vvc	APPORTER
,	Fw	,
si	Cs	SI
l'	Pp	IL
on	Pp	ON
ne	Rp	NE
dirait	Vvc	DIRE
que	Cs	QUE
je	Pp	JE
suis	Vuc	ÊTRE
bourgeois	Nc	BOURGEOIS
comme	S	COMME
eux	Pp	EUX
,	Fw	,
ou	Cc	OU
qu'	Cs	QUE
ils	Pp	ILS
font	Vvc	FAIRE
tous	Di	TOUT
arlequins	Nc	ARLEQUIN
comme	S	COMME
moi	Pp	JE
.	Fs	.
Il	Pp	IL
n'	Rp	NE
est	Vuc	ÊTRE
pas	Rg	PAS
jusqu'	S	JUSQUE
aux	S+Da	À+LES
petits	Ag	PETIT
enfants	Nc	ENFANT
,	Fw	,
qui	Pr	QUI
ne	Rp	NE
soient	Vuc	ÊTRE
fols	Nc	FOL
à	S	À
force	Nc	FORCE|FORCÉ
d'	S	DE
être	Vun	ÊTRE
sages	Ag	SAGE
,	Fw	,
et	Cc	ET
je	Pp	JE
puis	Vvc	POUVOIR
dire	Vvn	DIRE
sans	S	SANS
vanité	Nc	VANITÉ
,	Fw	,
que	Cs	QUE
jamais	Rg	JAMAIS
homme	Nc	HOMME
de	S	DE
ma	Ds	MON
condition	Nc	CONDITION
ne	Rp	NE
se	Pp	IL
vit	Vvc	VIVRE|VOIR
si	Rg	SI
mal	Rg	MAL
accompagné	Ge	ACCOMPAGNER
,	Fw	,
j'	Pp	JE
ai	Vuc	AVOIR
même	Rg	MÊME
plus	Rg	PLUS
fait	Ge	FAIRE
que	Cs	QUE
ne	Rp	NE
porte	Vvc	PORTER
ma	Ds	MON
commission	Nc	COMMISSION
,	Fw	,
car	Cc	CAR
ce	Pd	CE
que	Pr	QUE
les	Da	LE
affiches	Nc	AFFICHE
leur	Pp	LEUR
montrent	Vvc	MONTRER
par	S	PAR
les	Da	LE
yeux	Nc	OEIL|YEUX
,	Fw	,
j'	Pp	JE
ai	Vuc	AVOIR
tâché	Ge	TÂCHER
de	S	DE
le	Pp	IL
leur	Pp	LEUR
apprendre	Vvn	APPRENDRE
par	S	PAR
les	Da	LE
oreilles	Nc	OREILLE
,	Fw	,
et	Cc	ET
cette	Dd	CE
ville	Nc	VILLE
n'	Rp	NE
a	Vuc	AVOIR
point	Rg	POINT
de	S	DE
carrefour	Nc	CARREFOUR
,	Fw	,
où	Pr	OÙ
je	Pp	JE
n'	Rp	NE
ai	Vuc	AVOIR
fait	Ge	FAIRE
le	Da	LE
crieur	Nc	CRIEUR
public	Ag	PUBLIC
;	Fw	;
mais	Cc	MAIS
je	Pp	JE
pense	Vvc	PENSER
qu'	Cs	QUE
ils	Pp	ILS
ont	Vuc	AVOIR
tous	Pi	TOUT
voyagé	Ge	VOYAGER
en	Pp	EN
Egypte	Vvc	Egypte
,	Fw	,
et	Cc	ET
que	Cs	QUE
le	Da	LE
bruit	Nc	BRUIT
des	S+Da	DE+LE|DE+LES
cataractes	Nc	CATARACTE
du	S+Da	DE+LE
Nil	Nc	Nil
,	Fw	,
leur	Pp	LEUR
a	Vuc	AVOIR
dérobé	Ge	DÉROBER
l'	Da	LE
ouïe	Nc	OUÏE
.	Fs	.
Ha	Rg	HA
,	Fw	,
ha	Rg	HA
,	Fw	,
te	Pp	TU
voilà	S	VOILÀ
sur	S	SUR
l'	Da	LE
histoire	Nc	HISTOIRE
,	Fw	,
à	S	À
ce	Pd	CE
que	Pr	QUE
j'	Pp	JE
entends	Vvc	ENTENDRE
.	Fs	.
Oui	Rg	OUI
;	Fw	;
et	Cc	ET
plus	Rg	PLUS
véritable	Ag	VÉRITABLE
à	S	À
mon	Ds	MON
grand	Ag	GRAND
regret	Nc	REGRET
,	Fw	,
que	Cs	QUE
celle	Pd	CELUI
de	S	DE
Pline	Nc	Pline
,	Fw	,
qui	Pr	QUI
rapporte	Vvc	RAPPORTER
ce	Pd	CE
que	Pr	QUE
je	Pp	JE
viens	Vvc	VENIR
de	S	DE
dire	Vvn	DIRE
:	Fw	:
car	Cc	CAR
il	Pp	IL
est	Vuc	ÊTRE
indubitable	Ag	INDUBITABLE
,	Fw	,
que	Cs	QUE
nous	Pp	NOUS
ne	Rp	NE
gagnerons	Vvc	GAGNER
rien	Pi	RIEN
ici	Rg	ICI
.	Fs	.
Voilà	Vvc	Voilà
les	Da	LE
plus	Rg	PLUS
mauvaises	Ag	MAUVAIS
nouvelles	Nc	NOUVEAU|NOUVELLE
que	Pr	QUE
tu	Pp	TU
nous	Pp	NOUS
pouvais	Vvc	POUVOIR
apprendre	Vvn	APPRENDRE
:	Fw	:
il	Pp	IL
est	Vuc	ÊTRE
vrai	Ag	VRAI
qu'	Cs	QUE
elles	Pp	ILS
ne	Rp	NE
me	Pp	JE
surprennent	Vvc	SURPRENDRE
point	Rg	POINT
,	Fw	,
car	Cc	CAR
je	Pp	JE
les	Pp	ILS
avais	Vuc	AVOIR
bien	Rg	BIEN
prévues	Ge	PRÉVOIR
.	Fs	.
Voici	S	VOICI
un	Dn	UN
de	S	DE
ces	Dd	CE
prophètes	Nc	PROPHÈTE
,	Fw	,
qui	Pr	QUI
prédisent	Vvc	PRÉDIRE
les	Da	LE
choses	Nc	CHOSE
arrivées	Ge	ARRIVER
:	Fw	:
et	Cc	ET
Tiercelet	Nc	TIERCELET
de	S	DE
Nostradamus	Nc	Nostradamus
,	Fw	,
si	Cs	SI
vous	Pp	VOUS
prévoyez	Vvc	PRÉVOIR
le	Da	LE
malheur	Nc	MALHEUR
de	S	DE
la	Da	LE
troupe	Nc	TROUPE
que	Pr	QUE
ne	Rp	NE
l'	Pp	IL
en	Pp	EN
avertissiez	Vvc	AVERTIR
vous	Pp	VOUS
?	Fs	?
Ce	Pd	CE
qui	Pr	QUI
m'	Pp	JE
en	Pp	EN
empêcha	Vvc	EMPÊCHER
,	Fw	,
fut	Vuc	ÊTRE
que	Cs	QUE
je	Pp	JE
connaissais	Vvc	CONNAÎTRE
que	Cs	QUE
j'	Pp	JE
ai	Vuc	AVOIR
parmi	S	PARMI
vous	Pp	VOUS
autres	Pi	AUTRE
le	Da	LE
malheur	Nc	MALHEUR
de	S	DE
Cassandre	Nc	Cassandre
,	Fw	,
qui	Pr	QUI
bien	Rg	BIEN
que	Cs	QUE
toujours	Rg	TOUJOURS
véritable	Ag	VÉRITABLE
,	Fw	,
ne	Rp	NE
fut	Vuc	ÊTRE
pourtant	Rg	POURTANT
jamais	Rg	JAMAIS
crue	Ge	CROIRE|CROÎTRE
:	Fw	:
mais	Cc	MAIS
vous	Pp	VOUS
pourriez	Vvc	POUVOIR
bien	Rg	BIEN
avoir	Vun	AVOIR
la	Da	LE
punition	Nc	PUNITION
des	S+Da	DE+LE|DE+LES
Troyens	Nc	TROYEN
,	Fw	,
il	Pp	IL
est	Vuc	ÊTRE
vrai	Ag	VRAI
que	Cs	QUE
j'	Pp	JE
y	Pp	Y
aurai	Vuc	AVOIR
ma	Ds	MON
part	Nc	PART
comme	S	COMME
elle	Pp	IL
.	Fs	.
Voilà	Vvc	Voilà
à	S	À
mon	Ds	MON
avis	Nc	AVIS
,	Fw	,
le	Da	LE
plus	Rg	PLUS
grand	Ag	GRAND
nombre	Nc	NOMBRE
de	S	DE
tes	Ds	TON
humanités	Nc	HUMANITÉ
,	Fw	,
et	Cc	ET
de	S	DE
tes	Ds	TON
fleurs	Nc	FLEUR
de	S	DE
rhétorique	Nc	RHÉTORIQUE
étalé	Ge	ÉTALER
,	Fw	,
et	Cc	ET
pour	S	POUR
peu	Rg	PEU
qu'	Cs	QUE
on	Pp	ON
te	Pp	TU
pressât	Vvc	PRESSER
encore	Rg	ENCORE
,	Fw	,
tu	Pp	TU
serais	Vuc	ÊTRE
contraint	Ge	CONTRAINDRE
de	S	DE
recourir	Vvn	RECOURIR
,	Fw	,
à	S	À
l'	Da	LE
éloquence	Nc	ÉLOQUENCE
de	S	DE
ton	Ds	TON
pays	Nc	PAYS
,	Fw	,
c'	Pd	CE
est	Vuc	ÊTRE
à	S	À
dire	Vvn	DIRE
aux	S+Da	À+LES
phrases	Nc	PHRASE|PHRASÉ
périgourdines	Nc	PÉRIGOURDIN
.	Fs	.
Monsieur	Nc	MONSIEUR
de	S	DE
Beau-Soleil	Nc	Beau-Soleil
,	Fw	,
si	Cs	SI
mon	Ds	MON
mari	Nc	MARI
n'	Rp	NE
a	Vuc	AVOIR
pas	Rg	PAS
la	Da	LE
langue	Nc	LANGUE
si	Rg	SI
bien	Rg	BIEN
pendue	Ge	PENDRE
que	Cs	QUE
vous	Pp	VOUS
,	Fw	,
il	Pp	IL
a	Vuc	AVOIR
d'	Dn	UN
autres	Ag	AUTRE
parties	Nc	PARTIE|PARTY
en	S	EN
lui	Pp	IL
,	Fw	,
qui	Pr	QUI
le	Pp	IL
rendent	Vvc	RENDRE
recommandable	Ag	RECOMMANDABLE
.	Fs	.
Nous	Pp	NOUS
le	Pp	IL
devons	Vvc	DEVOIR
croire	Vvn	CROIRE
puisque	Cs	PUISQUE
vous	Pp	VOUS
le	Pp	IL
dites	Vvc	DIRE
,	Fw	,
Mademoiselle	Vvc	Mademoiselle
de	S	DE
Belle	Nc	BEAU
Épine	Nc	Épine
,	Fw	,
car	Cc	CAR
il	Pp	IL
n'	Rp	NE
en	Pp	EN
a	Vuc	AVOIR
point	Rg	POINT
de	S	DE
si	Rg	SI
cachées	Ge	CACHER
,	Fw	,
dont	Pr	DONT
vous	Pp	VOUS
ne	Rp	NE
puissiez	Vvc	POUVOIR
parler	Vvn	PARLER
comme	S	COMME
savante	Nc	SAVANT
.	Fs	.
La	Da	LE
repartie	Nc	REPARTIE
n'	Rp	NE
est	Vuc	ÊTRE
pas	Rg	PAS
mauvaise	Ag	MAUVAIS
,	Fw	,
mais	Cc	MAIS
elle	Pp	IL
me	Pp	JE
semble	Vvc	SEMBLER
un	Dn	UN
peu	Rg	PEU
bien	Rg	BIEN
libre	Ag	LIBRE
pour	S	POUR
une	Dn	UN
femme	Nc	FEMME
.	Fs	.
Les	Da	LE
eaux	Nc	EAU
dormantes	Ag	DORMANT
ne	Rp	NE
font	Vvc	FAIRE
pas	Rg	PAS
les	Da	LE
plus	Rg	PLUS
saines	Ag	SAIN
,	Fw	,
et	Cc	ET
la	Da	LE
vertu	Nc	VERTU
se	Pp	IL
trouve	Vvc	TROUVER
pour	S	POUR
le	Da	LE
moins	Nc	MOINS
aussi	Rg	AUSSI
souvent	Rg	SOUVENT
dans	S	DANS
un	Dn	UN
esprit	Nc	ESPRIT
libre	Ag	LIBRE
,	Fw	,
que	Cs	QUE
parmi	S	PARMI
ces	Dd	CE
âmes	Nc	ÂME
retenues	Ge	RETENIR
,	Fw	,
qu'	Cs	QUE
on	Pp	ON
a	Vuc	AVOIR
droit	Ag	DROIT
de	S	DE
soupçonner	Vvn	SOUPÇONNER
d'	S	DE
hypocrisie	Nc	HYPOCRISIE
,	Fw	,
mais	Cc	MAIS
c'	Pd	CE
est	Vuc	ÊTRE
une	Dn	UN
erreur	Nc	ERREUR
où	Pr	OÙ
tombe	Vvc	TOMBER
presque	Rg	PRESQUE
tout	Di	TOUT
le	Da	LE
monde	Nc	MONDE
,	Fw	,
pour	S	POUR
ce	Pd	CE
qui	Pr	QUI
regarde	Vvc	REGARDER
les	Da	LE
femmes	Nc	FEMME
de	S	DE
notre	Ds	NOTRE
profession	Nc	PROFESSION
,	Fw	,
car	Cc	CAR
ils	Pp	ILS
pensent	Vvc	PENSER
que	Cs	QUE
la	Da	LE
farce	Nc	FARCE
est	Vuc	ÊTRE
l'	Da	LE
image	Nc	IMAGE
de	S	DE
notre	Ds	NOTRE
vie	Nc	VIE
,	Fw	,
et	Cc	ET
que	Cs	QUE
nous	Pp	NOUS
ne	Rp	NE
faisons	Vvc	FAIRE
que	Rg	QUE
représenter	Vvn	REPRÉSENTER
ce	Pd	CE
que	Pr	QUE
nous	Pp	NOUS
pratiquons	Vvc	PRATIQUER
en	S	EN
effet	Nc	EFFET
,	Fw	,
ils	Pp	ILS
croient	Vvc	CROIRE
que	Cs	QUE
la	Da	LE
femme	Nc	FEMME
d'	S	DE
un	Dn	UN
de	S	DE
vous	Pp	VOUS
autres	Pi	AUTRE
,	Fw	,
l'	Pp	IL
est	Vuc	ÊTRE
indubitablement	Rg	INDUBITABLEMENT
de	S	DE
toute	Di	TOUT
la	Da	LE
troupe	Nc	TROUPE
;	Fw	;
et	Cc	ET
s'	Pp	SE
imaginant	Ga	IMAGINER
que	Cs	QUE
nous	Pp	NOUS
sommes	Vuc	ÊTRE
un	Dn	UN
bien	Rg	BIEN
commun	Ag	COMMUN
,	Fw	,
comme	Cs	COMME
le	Da	LE
Soleil	Nc	SOLEIL
ou	Cc	OU
les	Da	LE
Éléments	Nc	Éléments
,	Fw	,
il	Pp	IL
ne	Rp	NE
s'	Pp	SE
en	Pp	EN
trouve	Vvc	TROUVER
pas	Rg	PAS
un	Pi	UN
,	Fw	,
qui	Pr	QUI
ne	Rp	NE
crois	Vvc	CROIRE|CROÎTRE
avoir	Vun	AVOIR
droit	Rg	DROIT
de	S	DE
nous	Pp	NOUS
faire	Vvn	FAIRE
souffrir	Vvn	SOUFFRIR
l'	Da	LE
importunité	Nc	IMPORTUNITÉ
de	S	DE
ses	Ds	SON
demandes	Nc	DEMANDE|DEMANDÉ
,	Fw	,
et	Cc	ET
certes	Rg	CERTES
c'	Pd	CE
est	Vuc	ÊTRE
bien	Rg	BIEN
de	S	DE
là	Rg	LÀ
que	Pr	QUE
procède	Vvc	PROCÉDER
la	Da	LE
plus	Rg	PLUS
fâcheuse	Ag	FÂCHEUX
chose	Nc	CHOSE
,	Fw	,
qui	Pr	QUI
s'	Pp	SE
éprouve	Vvc	ÉPROUVER
à	S	À
notre	Ds	NOTRE
condition	Nc	CONDITION
:	Fw	:
car	Cc	CAR
comme	S	COMME
nos	Ds	NOTRE
chambres	Nc	CHAMBRE
tiennent	Vvc	TENIR
des	Dn	UN
temples	Nc	TEMPLE
,	Fw	,
en	S	EN
ce	Pd	CE
quelles	Pr	LEQUEL
sont	Vuc	ÊTRE
ouvertes	Ge	OUVRIR
à	S	À
chacun	Pi	CHACUN
,	Fw	,
pour	S	POUR
un	Dn	UN
honnête	Ag	HONNÊTE
homme	Nc	HOMME
qui	Pr	QUI
nous	Pp	NOUS
y	Pp	Y
visite	Vvc	VISITER
,	Fw	,
il	Pp	IL
nous	Pp	NOUS
faut	Vvc	FAILLIR|FALLOIR
endurer	Vvn	ENDURER
les	Da	LE
impertinences	Nc	IMPERTINENCE
,	Fw	,
de	S	DE
mille	Nc	MILLE
qui	Pr	QUI
ne	Rp	NE
le	Pp	IL
sont	Vuc	ÊTRE
pas	Rg	PAS
,	Fw	,
l'	Da	LE
un	Pi	UN
viendra	Vvc	VENIR
branler	Vvn	BRANLER
les	Da	LE
jambes	Nc	JAMBE
toute	Rg	TOUTE
une	Dn	UN
après-dînée	Nc	après-dînée
sur	S	SUR
un	Dn	UN
coffre	Nc	COFFRE
sans	S	SANS
dire	Vvn	DIRE
mot	Nc	MOT
,	Fw	,
seulement	Rg	SEULEMENT
pour	S	POUR
nous	Pp	NOUS
montrer	Vvn	MONTRER
qu'	Cs	QUE
il	Pp	IL
a	Vuc	AVOIR
des	Dn	UN
moustaches	Nc	MOUSTACHE
,	Fw	,
et	Cc	ET
qu'	Cs	QUE
il	Pp	IL
les	Pp	ILS
sait	Vvc	SAVOIR
relever	Vvn	RELEVER
,	Fw	,
l'	Da	LE
autre	Pi	AUTRE
un	Dn	UN
peu	Rg	PEU
moins	Rg	MOINS
rêveur	Ag	RÊVEUR
que	Cs	QUE
celui	Pd	CELUI
-ci	Vvc	-ci
,	Fw	,
mais	Cc	MAIS
non	Rg	NON
pas	Rg	PAS
plus	Rg	PLUS
habile	Ag	HABILE
homme	Nc	HOMME
,	Fw	,
fera	Vvc	FAIRE|FERRER
toute	Di	TOUT
sa	Ds	SON
conversation	Nc	CONVERSATION
de	S	DE
bagatelles	Nc	BAGATELLE
,	Fw	,
aussi	Rg	AUSSI
peu	Rg	PEU
considérables	Ag	CONSIDÉRABLE
que	Cs	QUE
son	Ds	SON
esprit	Nc	ESPRIT
:	Fw	:
et	Cc	ET
tranchant	Ga	TRANCHER
de	S	DE
l'	Da	LE
officieux	Ag	OFFICIEUX
,	Fw	,
il	Pp	IL
voudra	Vvc	VOULOIR
placer	Vvn	PLACER
une	Dn	UN
mouche	Nc	MOUCHE
sur	S	SUR
la	Da	LE
gorge	Nc	GORGE
,	Fw	,
mais	Cc	MAIS
c'	Pd	CE
est	Vuc	ÊTRE
à	S	À
dessein	Nc	DESSEIN
d'	S	DE
y	Pp	Y
toucher	Vvn	TOUCHER
:	Fw	:
il	Pp	IL
voudra	Vvc	VOULOIR
tenir	Vvn	TENIR
le	Da	LE
miroir	Nc	MIROIR
,	Fw	,
attacher	Vvn	ATTACHER
un	Dn	UN
noeud	Nc	NUD
,	Fw	,
mettre	Vvn	METTRE
de	S	DE
la	Da	LE
poudre	Nc	POUDRE|POUDRÉ
aux	S+Da	À+LES
cheveux	Nc	CHEVEU|CHEVEUX
,	Fw	,
et	Cc	ET
prenant	Ga	PRENDRE
sujet	Nc	SUJET
de	S	DE
parler	Vvn	PARLER
de	S	DE
toutes	Di	TOUT
ces	Dd	CE
choses	Nc	CHOSE
,	Fw	,
il	Pp	IL
le	Pp	IL
fait	Vvc	FAIRE
avec	S	AVEC
des	Dn	UN
pointes	Nc	POINTE|POINTÉ
aussi	Rg	AUSSI
nouvelles	Ag	NOUVEAU
,	Fw	,
et	Cc	ET
aussi	Rg	AUSSI
peu	Rg	PEU
communes	Ag	COMMUN
que	Cs	QUE
la	Pp	IL
Guimbarde	Vvc	Guimbarde
,	Fw	,
ou	Cc	OU
Lanturlu	Nc	Lanturlu
.	Fs	.
Le	Da	LE
troisième	Nc	TROISIÈME
prenant	Ga	PRENDRE
un	Dn	UN
ton	Ds	TON
plus	Rg	PLUS
haut	Ag	HAUT
,	Fw	,
et	Cc	ET
trop	Rg	TROP
fort	Rg	FORT
pour	S	POUR
son	Ds	SON
haleine	Nc	HALEINE
,	Fw	,
s'	Pp	SE
engage	Vvc	ENGAGER
inconsidérément	Rg	INCONSIDÉRÉMENT
,	Fw	,
à	S	À
la	Da	LE
censure	Nc	CENSURE
des	S+Da	DE+LE|DE+LES
poèmes	Nc	POÈME
,	Fw	,
que	Cs	QUE
nous	Pp	NOUS
aurons	Vuc	AVOIR
représentés	Ge	REPRÉSENTER
:	Fw	:
l'	Da	LE
un	Pi	UN
sera	Vuc	ÊTRE
trop	Rg	TROP
ennuyeux	Ag	ENNUYEUX
pour	S	POUR
sa	Ds	SON
longueur	Nc	LONGUEUR
,	Fw	,
l'	Da	LE
autre	Pi	AUTRE
manque	Vvc	MANQUER
de	S	DE
jugement	Nc	JUGEMENT
en	S	EN
sa	Ds	SON
conduite	Nc	CONDUITE
,	Fw	,
celui	Pd	CELUI
-là	Vvc	-là
est	Vuc	ÊTRE
plat	Ag	PLAT
et	Cc	ET
trop	Rg	TROP
stérile	Ag	STÉRILE
en	S	EN
pensées	Nc	PENSÉE
,	Fw	,
celui	Pd	CELUI
-là	Vvc	-là
au	S+Da	À+LE
contraire	Nc	CONTRAIRE
à	S	À
force	Nc	FORCE|FORCÉ
d'	S	DE
en	Pp	EN
avoir	Vun	AVOIR
s'	Pp	SE
embarrasse	Vvc	EMBARRASSER|EMBARRER
,	Fw	,
et	Cc	ET
parle	Vvc	PARLER
Galimatias	Vvc	Galimatias
;	Fw	;
un	Pi	UN
est	Vuc	ÊTRE
défectueux	Ag	DÉFECTUEUX
en	S	EN
ce	Pd	CE
qu'	Pr	QUE
il	Pp	IL
ne	Rp	NE
s'	Pp	SE
attache	Vvc	ATTACHER
pas	Rg	PAS
aux	S+Da	À+LES
règles	Nc	RÈGLE
des	S+Da	DE+LE|DE+LES
anciens	Nc	ANCIEN
,	Fw	,
ce	Pd	CE
qui	Pr	QUI
témoigne	Vvc	TÉMOIGNER
ion	Nc	ION
ignorance	Nc	IGNORANCE
;	Fw	;
l'	Da	LE
autre	Pi	AUTRE
pour	S	POUR
les	Pp	ILS
avoir	Vun	AVOIR
trop	Rg	TROP
religieusement	Rg	RELIGIEUSEMENT
observées	Ge	OBSERVER
,	Fw	,
est	Vuc	ÊTRE
froid	Ag	FROID
,	Fw	,
et	Cc	ET
presque	Rg	PRESQUE
du	S+Da	DE+LE
tout	Pi	TOUT
sans	S	SANS
action	Nc	ACTION
;	Fw	;
celui	Pd	CELUI
-ci	Vvc	-ci
ne	Rp	NE
lie	Vvc	LIER
pas	Rg	PAS
son	Ds	SON
discours	Nc	DISCOURS
,	Fw	,
et	Cc	ET
fait	Ge	FAIRE
des	S+Da	DE+LE|DE+LES
fautes	Nc	FAUTE
au	S+Da	À+LE
langage	Nc	LANGAGE
,	Fw	,
celui	Pd	CELUI
-là	Vvc	-là
n'	Rp	NE
a	Vuc	AVOIR
pas	Rg	PAS
la	Da	LE
politesse	Nc	POLITESSE
de	S	DE
la	Da	LE
Cour	Nc	COUR
;	Fw	;
l'	Da	LE
un	Pi	UN
manque	Vvc	MANQUER
des	Dn	UN
ornements	Nc	ORNEMENT
de	S	DE
la	Da	LE
poésie	Nc	POÉSIE
;	Fw	;
l'	Da	LE
autre	Pi	AUTRE
est	Vuc	ÊTRE
trop	Rg	TROP
abondant	Ag	ABONDANT
en	S	EN
fables	Nc	FABLE
;	Fw	;
ce	Pd	CE
qui	Pr	QUI
sent	Vvc	SENTIR
plus	Rg	PLUS
le	Da	LE
pédant	Nc	PÉDANT
que	Cs	QUE
l'	Da	LE
honnête	Ag	HONNÊTE
homme	Nc	HOMME
,	Fw	,
et	Cc	ET
plus	Rg	PLUS
l'	Da	LE
huile	Nc	HUILE
que	Cs	QUE
l'	Da	LE
ambre	Nc	AMBRE
gris	Ag	GRIS
;	Fw	;
enfin	Rg	ENFIN
,	Fw	,
il	Pp	IL
n'	Rp	NE
en	Pp	EN
échappe	Vvc	ÉCHAPPER
pas	Rg	PAS
à	S	À
la	Da	LE
langue	Nc	LANGUE
de	S	DE
ce	Dd	CE
critique	Nc	CRITIQUE
,	Fw	,
qui	Pr	QUI
faisant	Ga	FAIRE
ainsi	Rg	AINSI
le	Da	LE
procès	Nc	PROCÈS
à	S	À
tant	Rg	TANT
de	S	DE
bons	Ag	BON
esprits	Nc	ESPRIT|ESPRITS
,	Fw	,
sans	S	SANS
les	Pp	ILS
ouïr	Vvn	OUÏR
en	S	EN
leurs	Ds	LEUR
défenses	Nc	DÉFENSE
,	Fw	,
montre	Vvc	MONTRER
qu'	Cs	QUE
il	Pp	IL
est	Vuc	ÊTRE
aussi	Rg	AUSSI
mauvais	Ag	MAUVAIS
juge	Nc	JUGE
en	S	EN
matière	Nc	MATIÈRE
de	S	DE
vers	Nc	VER|VERS|VERT
,	Fw	,
que	Cs	QUE
le	Pp	IL
font	Vvc	FAIRE
en	S	EN
la	Da	LE
connaissance	Nc	CONNAISSANCE
de	S	DE
l'	Da	LE
honnêteté	Nc	HONNÊTETÉ
des	S+Da	DE+LE|DE+LES
femmes	Nc	FEMME
,	Fw	,
ceux	Pd	CELUI
qui	Pr	QUI
nous	Pp	NOUS
soupçonnent	Vvc	SOUPÇONNER
d'	S	DE
en	Pp	EN
manquer	Vvn	MANQUER
.	Fs	.
Je	Pp	JE
meure	Vvc	MURER
si	Cs	SI
elle	Pp	IL
n'	Rp	NE
habille	Vvc	HABILLER
ses	Ds	SON
raisons	Nc	RAISON
de	S	DE
bonne	Ag	BON
grâce	Nc	GRÂCE
;	Fw	;
et	Cc	ET
bien	Rg	BIEN
que	Cs	QUE
cinq	Nc	CINQ
heures	Nc	HEURE|HURE
aient	Vuc	AVOIR
sonné	Ge	SONNER
,	Fw	,
depuis	S	DEPUIS
qu'	Cs	QUE
elle	Pp	IL
parle	Vvc	PARLER
,	Fw	,
je	Pp	JE
m'	Pp	JE
étais	Vuc	ÊTRE
résolu	Ge	RÉSOUDRE
de	S	DE
ne	Rp	NE
l'	Pp	IL
interrompre	Vvn	INTERROMPRE
point	Rg	POINT
;	Fw	;
mais	Cc	MAIS
puisqu'une	Cs	puisqu'une
femme	Nc	FEMME
a	Vuc	AVOIR
pu	Ge	POUVOIR
s'	Pp	SE
imposer	Vvn	IMPOSER
silence	Nc	SILENCE
elle-même	Pp	ELLE-MÊME
,	Fw	,
faisons	Vvc	FAIRE
en	S	EN
autant	Rg	AUTANT
,	Fw	,
et	Cc	ET
,	Fw	,
rentrons	Vvc	RENTRER
;	Fw	;
et	Cc	ET
bien	Rg	BIEN
que	Cs	QUE
nous	Pp	NOUS
ayons	Vuc	AVOIR
accoutumé	Ge	ACCOUTUMER
ailleurs	Rg	AILLEURS
d'	S	DE
avoir	Vun	AVOIR
achevé	Ge	ACHEVER
à	S	À
cette	Dd	CE
heure	Nc	HEURE|HURE
,	Fw	,
ne	Rp	NE
laisse	Vvc	LAISSER
pas	Rg	PAS
Belle-Ombre	Ag	Belle-Ombre
,	Fw	,
de	S	DE
te	Pp	TU
tenir	Vvn	TENIR
encore	Rg	ENCORE
quelque	Di	QUELQUE
temps	Nc	TEMPS
à	S	À
la	Da	LE
porte	Nc	PORTE|PORTÉ
;	Fw	;
car	Cc	CAR
peut-être	Rg	PEUT-ÊTRE
,	Fw	,
ce	Pd	CE
que	Pr	QUE
nous	Pp	NOUS
jugeons	Vvc	JUGER
stupidité	Nc	STUPIDITÉ
,	Fw	,
ne	Rp	NE
se	Pp	IL
trouvera	Vvc	TROUVER
que	Cs	QUE
paresse	Nc	PARESSE
,	Fw	,
et	Cc	ET
le	Da	LE
bien	Nc	BIEN
ne	Rp	NE
vient	Vvc	VENIR
jamais	Rg	JAMAIS
tard	Rg	TARD
,	Fw	,
quand	Cs	QUAND
il	Pp	IL
arrive	Vvc	ARRIVER
.	Fs	.
Si	Cs	SI
nous	Pp	NOUS
repaissons	Vvc	REPAÎTRE
de	S	DE
cette	Dd	CE
espérance	Nc	ESPÉRANCE
seule	Ag	SEUL
,	Fw	,
nous	Pp	NOUS
avons	Vuc	AVOIR
la	Da	LE
mine	Nc	MINE
de	S	DE
ne	Rp	NE
souper	Vvn	SOUPER
que	Cs	QUE
de	S	DE
vent	Nc	VENT
.	Fs	.
Il	Pp	IL
faut	Vvc	FAILLIR|FALLOIR
avouer	Vvn	AVOUER
,	Fw	,
que	Cs	QUE
la	Da	LE
jeunesse	Nc	JEUNESSE
et	Cc	ET
la	Da	LE
prudence	Nc	PRUDENCE
,	Fw	,
ne	Rp	NE
se	Pp	IL
trouvent	Vvc	TROUVER
que	Rg	QUE
bien	Rg	BIEN
rarement	Rg	RAREMENT
ensemble	Rg	ENSEMBLE
,	Fw	,
comme	Cs	COMME
en	S	EN
cet	Dd	CE
âge	Nc	ÂGE
bouillant	Ag	BOUILLANT
,	Fw	,
le	Da	LE
corps	Nc	CORPS
est	Vuc	ÊTRE
rempli	Ge	REMPLIR
de	S	DE
force	Nc	FORCE|FORCÉ
,	Fw	,
l'	Da	LE
esprit	Nc	ESPRIT
l'	Pp	IL
est	Vuc	ÊTRE
d'	S	DE
inconsidération	Nc	inconsidération
.	Fs	.
On	Pp	ON
n'	Rp	NE
a	Vuc	AVOIR
pour	S	POUR
but	Nc	BUT
que	Cs	QUE
les	Da	LE
délices	Nc	DÉLICE
,	Fw	,
sans	S	SANS
songer	Vvn	SONGER
à	S	À
l'	Da	LE
utile	Ag	UTILE
ni	Cc	NI
à	S	À
l'	Da	LE
honnête	Ag	HONNÊTE
:	Fw	:
et	Cc	ET
flattant	Ga	FLATTER
la	Da	LE
folie	Nc	FOLIE
de	S	DE
ses	Ds	SON
pensées	Nc	PENSÉE
,	Fw	,
on	Pp	ON
croit	Vvc	CROIRE|CROÎTRE
que	Cs	QUE
tout	Pi	TOUT
ce	Pd	CE
qui	Pr	QUI
plaît	Vvc	PLAIRE
est	Vuc	ÊTRE
permis	Ge	PERMETTRE
.	Fs	.
J'	Pp	JE
ai	Vuc	AVOIR
tiré	Ge	TIRER
la	Da	LE
preuve	Nc	PREUVE
de	S	DE
ce	Pd	CE
que	Pr	QUE
je	Pp	JE
dis	Vvc	DIRE
,	Fw	,
dans	S	DANS
notre	Ds	NOTRE
famille	Nc	FAMILLE
même	Ag	MÊME
,	Fw	,
car	Cc	CAR
feu	Nc	FEU
mon	Ds	MON
frère	Nc	FRÈRE
d'	S	DE
Ollinville	Vvc	Ollinville
que	Cs	QUE
vous	Pp	VOUS
connaissiez	Vvc	CONNAÎTRE
,	Fw	,
mon	Ds	MON
hôte	Nc	HÔTE
,	Fw	,
n'	Rp	NE
a	Vuc	AVOIR
laissé	Ge	LAISSER
qu'	Cs	QUE
un	Dn	UN
fils	Nc	FIL|FILS
à	S	À
sa	Ds	SON
mort	Nc	MORT
,	Fw	,
héritier	Nc	HÉRITIER
de	S	DE
tous	Di	TOUT
ses	Ds	SON
biens	Nc	BIEN
,	Fw	,
et	Cc	ET
des	S+Da	DE+LE|DE+LES
miens	Ps	MIEN
encore	Rg	ENCORE
,	Fw	,
puisque	Cs	PUISQUE
je	Pp	JE
ne	Rp	NE
marierai	Vvc	MARIER
jamais	Rg	JAMAIS
qui	Pr	QUI
suivant	Ga	SUIVRE
les	Da	LE
caprices	Nc	CAPRICE
qui	Pr	QUI
l'	Pp	IL
emportent	Vvc	EMPORTER
loin	Rg	LOIN
de	S	DE
la	Da	LE
raison	Nc	RAISON
,	Fw	,
a	Vuc	AVOIR
déjà	Rg	DÉJÀ
fait	Ge	FAIRE
mille	Nc	MILLE
saillies	Vvc	SAILLIR
.	Fs	.
Les	Da	LE
Lettres	Nc	LETTRE|LETTRÉ
où	Pr	OÙ
nous	Pp	NOUS
le	Pp	IL
destinions	Vvc	DESTINER
,	Fw	,
lui	Pp	IL
ont	Vuc	AVOIR
semblé	Ge	SEMBLER
une	Dn	UN
occupation	Nc	OCCUPATION
trop	Rg	TROP
basse	Ag	BAS
,	Fw	,
et	Cc	ET
trop	Rg	TROP
endormie	Ge	ENDORMIR
,	Fw	,
pour	S	POUR
sa	Ds	SON
vivacité	Nc	VIVACITÉ
,	Fw	,
il	Pp	IL
a	Vuc	AVOIR
voulu	Ge	VOULOIR
porter	Vvn	PORTER
les	Da	LE
armes	Nc	ARME|ARMÉ
,	Fw	,
et	Cc	ET
le	Pp	IL
faisant	Ga	FAIRE
,	Fw	,
a	Vuc	AVOIR
couru	Ge	COURIR
toute	Di	TOUT
l'	Da	LE
Europe	Nc	Europe
:	Fw	:
et	Cc	ET
certes	Rg	CERTES
comme	S	COMME
ce	Dd	CE
métier	Nc	MÉTIER
n'	Rp	NE
était	Vuc	ÊTRE
pas	Rg	PAS
indigne	Ag	INDIGNE
de	S	DE
sa	Ds	SON
naissance	Nc	NAISSANCE
,	Fw	,
nous	Pp	NOUS
supportions	Vvc	SUPPORTER
son	Ds	SON
erreur	Nc	ERREUR
,	Fw	,
mais	Cc	MAIS
lorsque	Cs	LORSQUE
nous	Pp	NOUS
pensions	Vvc	PENSER
qu'	Cs	QUE
il	Pp	IL
dût	Vvc	DEVOIR
faire	Vvn	FAIRE
sa	Ds	SON
retraite	Nc	RETRAITE|RETRAITÉ
,	Fw	,
il	Pp	IL
est	Vuc	ÊTRE
reparti	Ge	REPARTIR|RÉPARTIR
de	S	DE
nouveau	Ag	NOUVEAU
,	Fw	,
sans	S	SANS
que	Cs	QUE
nous	Pp	NOUS
ayons	Vuc	AVOIR
pu	Ge	POUVOIR
découvrir	Vvn	DÉCOUVRIR
sa	Ds	SON
route	Nc	ROUTE
,	Fw	,
et	Cc	ET
mon	Ds	MON
frère	Nc	FRÈRE
m'	Pp	JE
ayant	Ga	AVOIR
supplié	Ge	SUPPLIER
en	S	EN
mourant	Ga	MOURIR
,	Fw	,
d'	S	DE
avoir	Vun	AVOIR
foin	Nc	FOIN
d'	S	DE
en	Pp	EN
faire	Vvn	FAIRE
la	Da	LE
recherche	Nc	RECHERCHE
,	Fw	,
il	Pp	IL
n'	Rp	NE
est	Vuc	ÊTRE
forme	Nc	FORME
de	S	DE
vie	Nc	VIE
où	Pr	OÙ
la	Da	LE
débauche	Nc	DÉBAUCHE|DÉBAUCHÉ
puisse	Vvc	POUVOIR
réduire	Vvn	RÉDUIRE
un	Dn	UN
jeune	Ag	JEUNE
homme	Nc	HOMME
,	Fw	,
dans	S	DANS
laquelle	Pr	LEQUEL
je	Pp	JE
n'	Rp	NE
ai	Vuc	AVOIR
tâché	Ge	TÂCHER
de	S	DE
le	Pp	IL
rencontrer	Vvn	RENCONTRER
:	Fw	:
mais	Cc	MAIS
tout	Rg	TOUT
inutilement	Rg	INUTILEMENT
,	Fw	,
de	S	DE
sorte	Nc	SORTE
qu'	Pr	QUE
ennuyé	Ge	ENNUYER
d'	S	DE
un	Dn	UN
si	Rg	SI
long	Ag	LONG
voyage	Nc	VOYAGE
,	Fw	,
enfin	Rg	ENFIN
me	Pp	JE
voici	S	VOICI
dans	S	DANS
Lyon	Nc	Lyon
,	Fw	,
mais	Cc	MAIS
si	Rg	SI
las	Ag	LAS
,	Fw	,
qu'	Cs	QUE
il	Pp	IL
ne	Rp	NE
m'	Pp	JE
est	Vuc	ÊTRE
pas	Rg	PAS
possible	Ag	POSSIBLE
d'	S	DE
en	Pp	EN
partir	Vvn	PARTIR
de	S	DE
deux	Nc	DEUX
ou	Pr	OÙ
trois	Vvc	TRAIRE
jours	Nc	JOUR|JOURS
,	Fw	,
pour	S	POUR
revoir	Vvn	REVOIR
après	S	APRÈS
notre	Ds	NOTRE
ville	Nc	VILLE
,	Fw	,
la	Da	LE
plus	Rg	PLUS
belle	Ag	BEAU
du	S+Da	DE+LE
monde	Nc	MONDE
,	Fw	,
Paris	Vvc	Paris
.	Fs	.
Monsieur	Nc	MONSIEUR
,	Fw	,
je	Pp	JE
suis	Vuc	ÊTRE
marri	Ag	MARRI
que	Cs	QUE
vos	Ds	VOTRE
peines	Nc	PEINE
n'	Rp	NE
ont	Vuc	AVOIR
été	Ge	ÊTRE
plus	Rg	PLUS
fructueuses	Ag	FRUCTUEUX
;	Fw	;
mais	Cc	MAIS
il	Pp	IL
faut	Vvc	FAILLIR|FALLOIR
s'	Pp	SE
armer	Vvn	ARMER
de	S	DE
patience	Nc	PATIENCE
,	Fw	,
et	Cc	ET
vous	Pp	VOUS
divertir	Vvn	DIVERTIR
.	Fs	.
Les	Da	LE
affiches	Nc	AFFICHE
que	Pr	QUE
vous	Pp	VOUS
voyez	Vvc	VOIR
à	S	À
ce	Dd	CE
coin	Nc	COIN
,	Fw	,
vous	Pp	VOUS
montrent	Vvc	MONTRER
qu'	Cs	QUE
il	Pp	IL
y	Pp	Y
a	Vuc	AVOIR
des	Dn	UN
comédies	Nc	COMÉDIE
en	S	EN
cette	Dd	CE
ville	Nc	VILLE
,	Fw	,
et	Cc	ET
le	Da	LE
jeu	Nc	JEU
de	S	DE
Paume	Nc	PAUME|PAUMÉ
où	Pr	OÙ
ils	Pp	ILS
représentent	Vvc	REPRÉSENTER
,	Fw	,
n'	Rp	NE
est	Vuc	ÊTRE
qu'	Rg	QUE
à	S	À
trois	Nc	TROIS
pas	Rg	PAS
d'	S	DE
ici	Rg	ICI
,	Fw	,
vous	Pp	VOUS
ferez	Vvc	FAIRE|FERRER
bien	Rg	BIEN
d'	S	DE
y	Pp	Y
aller	Vvn	ALLER
prendre	Vvn	PRENDRE
votre	Ds	VOTRE
part	Nc	PART
du	S+Da	DE+LE
passe-temps	Nc	PASSE-TEMPS
.	Fs	.
Quoi	Pt	QUE|QUOI
que	Cs	QUE
je	Pp	JE
n'	Rp	NE
aie	Vuc	AVOIR
pas	Rg	PAS
grande	Ag	GRAND
envie	Nc	ENVIE
de	S	DE
rire	Vvn	RIRE
je	Pp	JE
suivrai	Vvc	SUIVRE
pourtant	Rg	POURTANT
votre	Ds	VOTRE
conseil	Nc	CONSEIL
,	Fw	,
et	Cc	ET
je	Pp	JE
m'	Pp	JE
y	Pp	Y
en	Pp	EN
vais	Vvc	ALLER
.	Fs	.
Et	Cc	ET
moi	Pp	JE
vous	Pp	VOUS
faire	Vvn	FAIRE
à	S	À
souper	Nc	SOUPER
pour	S	POUR
le	Da	LE
retour	Nc	RETOUR
.	Fs	.
Je	Pp	JE
crois	Vvc	CROIRE|CROÎTRE
que	Cs	QUE
toute	Di	TOUT
la	Da	LE
ville	Nc	VILLE
est	Vuc	ÊTRE
en	S	EN
dévotion	Nc	DÉVOTION
aujourd'hui	Rg	AUJOURD'HUI
,	Fw	,
et	Cc	ET
qu'	Cs	QUE
on	Pp	ON
leur	Pp	LEUR
a	Vuc	AVOIR
ordonné	Ge	ORDONNER
pour	S	POUR
se	Pp	IL
mortifier	Vvn	MORTIFIER
,	Fw	,
de	S	DE
ne	Rp	NE
venir	Vvn	VENIR
point	Rg	POINT
à	S	À
la	Da	LE
comédie	Nc	COMÉDIE
:	Fw	:
enfin	Rg	ENFIN
la	Da	LE
patience	Nc	PATIENCE
m'	Pp	JE
échappe	Vvc	ÉCHAPPER
;	Fw	;
mais	Cc	MAIS
silence	Nc	SILENCE
,	Fw	,
voici	S	VOICI
un	Dn	UN
oiseau	Nc	OISEAU
qui	Pr	QUI
a	Vuc	AVOIR
la	Da	LE
mine	Nc	MINE
de	S	DE
se	Pp	IL
venir	Vvn	VENIR
jeter	Vvn	JETER
dans	S	DANS
nos	Ds	NOTRE
filets	Nc	FILET
peut-être	Rg	PEUT-ÊTRE
comme	Cs	COMME
les	Da	LE
canards	Nc	CANARD
,	Fw	,
les	Da	LE
autres	Pi	AUTRE
feront	Vvc	FAIRE
le	Da	LE
même	Pi	MÊME
à	S	À
son	Ds	SON
exemple	Nc	EXEMPLE
.	Fs	.
Il	Pp	IL
lit	Vvc	LIRE
l'	Da	LE
affiche	Nc	AFFICHE
.	Fs	.
LES	Da	LE
COMÉDIENS	Nc	COMÉDIENS
DU	Ag	DU
ROY	Vvc	ROY
.	Fs	.
Ho	Nc	Ho
cela	Pd	CELA
s'	Pp	SE
entend	Vvc	ENTENDRE
sans	S	SANS
le	Pp	IL
dire	Vvn	DIRE
,	Fw	,
cette	Dd	CE
qualité	Nc	QUALITÉ
,	Fw	,
et	Cc	ET
celle	Pd	CELUI
de	S	DE
Gentilhomme	Nc	GENTILHOMME
ordinaire	Ag	ORDINAIRE
de	S	DE
la	Da	LE
Chambre	Nc	CHAMBRE
,	Fw	,
sont	Vuc	ÊTRE
à	S	À
bon	Ag	BON
marché	Nc	MARCHÉ
maintenant	Rg	MAINTENANT
;	Fw	;
mais	Cc	MAIS
aussi	Rg	AUSSI
les	Da	LE
gages	Nc	GAGE|GAGES
n'	Rp	NE
en	Pp	EN
sont	Vuc	ÊTRE
pas	Rg	PAS
grands	Ag	GRAND
;	Fw	;
que	Pr	QUE
prend	Vvc	PRENDRE
-on	Nc	-on
?	Fs	?
Huit	Nc	HUIT
sols	Nc	SOL
.	Fs	.
Commencera-ton	Nc	Commencera-ton
bientôt	Rg	BIENTÔT
?	Fs	?
Oui	Rg	OUI
Monsieur	Ag	Monsieur
,	Fw	,
on	Pp	ON
s'	Pp	SE
y	Pp	Y
en	Pp	EN
va	Vvc	ALLER
;	Fw	;
toute	Di	TOUT
la	Da	LE
compagnie	Nc	COMPAGNIE
est	Vuc	ÊTRE
dans	S	DANS
un	Dn	UN
jeu	Nc	JEU
de	S	DE
Paume	Ag	Paume
voisin	Nc	VOISIN
,	Fw	,
et	Cc	ET
comme	Cs	COMME
elle	Pp	IL
viendra	Vvc	VENIR
tout	Rg	TOUT
à	S	À
coup	Nc	COUP
entrez	Vvc	ENTRER
,	Fw	,
et	Cc	ET
retenez	Vvc	RETENIR
place	Nc	PLACE|PLACÉ
de	S	DE
bonne	Ag	BON
heure	Nc	HEURE|HURE
.	Fs	.
Ô	Vvc	Ô
Dieu	Nc	DIEU
,	Fw	,
qu'	Pr	QUE
est	Vuc	ÊTRE
-ce	Vvc	-ce
que	Cs	QUE
je	Pp	JE
vois	Vvc	ALLER|VOIR
?	Fs	?
Suis	Vuc	ÊTRE
-je	Ge	-je
endormi	Ge	ENDORMIR
,	Fw	,
ou	Cc	OU
si	Cs	SI
c'	Pd	CE
est	Vuc	ÊTRE
une	Dn	UN
illusion	Nc	ILLUSION
?	Fs	?
Es	Vuc	ÊTRE
-tu	Ge	-tu
mon	Ds	MON
neveu	Nc	NEVEU
,	Fw	,
ou	Cc	OU
quelque	Di	QUELQUE
Démon	Nc	Démon
sous	S	SOUS
fa	Nc	FA
forme	Nc	FORME
?	Fs	?
Mon	Ds	MON
oncle	Nc	ONCLE
je	Pp	JE
vous	Pp	VOUS
demande	Vvc	DEMANDER
pardon	Rg	PARDON
,	Fw	,
encore	Rg	ENCORE
que	Cs	QUE
j'	Pp	JE
ai	Vuc	AVOIR
peine	Nc	PEINE
à	S	À
croire	Vvn	CROIRE
,	Fw	,
que	Cs	QUE
ce	Pd	CE
que	Pr	QUE
je	Pp	JE
fais	Vvc	FAIRE
soit	Vuc	ÊTRE
une	Dn	UN
faute	Nc	FAUTE
.	Fs	.
Et	Cc	ET
c'	Pd	CE
est	Vuc	ÊTRE
là	Rg	LÀ
ce	Pd	CE
que	Pr	QUE
je	Pp	JE
vois	Vvc	ALLER|VOIR
de	S	DE
pire	Nc	PIRE
;	Fw	;
d'autant	Ag	d'autant
,	Fw	,
que	Cs	QUE
tu	Pp	TU
tombes	Vvc	TOMBER
en	S	EN
sens	Nc	SENS
r2prouvé	Vvc	r2prouvé
:	Fw	:
tu	Pp	TU
ne	Rp	NE
crois	Vvc	CROIRE|CROÎTRE
point	Rg	POINT
avoir	Vun	AVOIR
failli	Ge	FAILLIR
,	Fw	,
en	S	EN
te	Pp	TU
faisant	Ga	FAIRE
portier	Nc	PORTIER
de	S	DE
comédie	Nc	COMÉDIE
.	Fs	.
Ha	Rg	HA
certes	Rg	CERTES
voilà	S	VOILÀ
une	Dn	UN
belle	Ag	BEAU
métamorphose	Nc	MÉTAMORPHOSE
,	Fw	,
bien	Rg	BIEN
quelle	Pr	LEQUEL
ne	Rp	NE
soit	Vuc	ÊTRE
pas	Rg	PAS
dans	S	DANS
Ovide	Nc	OVIDÉ
,	Fw	,
qui	Pr	QUI
d'	S	DE
un	Dn	UN
Gentilhomme	Nc	GENTILHOMME
de	S	DE
bonne	Ag	BON
maison	Nc	MAISON
,	Fw	,
a	Vuc	AVOIR
fait	Ge	FAIRE
en	S	EN
toi	Pp	TU
un	Dn	UN
voleur	Nc	VOLEUR
.	Fs	.
Ha	Rg	HA
mon	Ds	MON
oncle	Nc	ONCLE
,	Fw	,
Dieu	Nc	DIEU
me	Pp	JE
damne	Vvc	DAMNER
si	Cs	SI
je	Pp	JE
le	Pp	IL
suis	Vuc	ÊTRE
.	Fs	.
Ô	Vvc	Ô
mon	Ds	MON
ami	Nc	AMI
ne	Rp	NE
jure	Vvc	JURER
point	Rg	POINT
une	Dn	UN
chose	Nc	CHOSE
qu'	Pr	QUE
on	Pp	ON
ne	Rp	NE
peut	Vvc	POUVOIR
croire	Vvn	CROIRE
;	Fw	;
les	Da	LE
portiers	Nc	PORTIER
ne	Rp	NE
sont	Vuc	ÊTRE
pas	Rg	PAS
reçus	Ge	RECEVOIR
à	S	À
se	Pp	IL
purger	Vvn	PURGER
par	S	PAR
serment	Nc	SERMENT
sur	S	SUR
ce	Dd	CE
sujet	Nc	SUJET
l'	Da	LE
occasion	Nc	OCCASION
est	Vuc	ÊTRE
trop	Rg	TROP
belle	Ag	BEAU
,	Fw	,
la	Da	LE
tentation	Nc	TENTATION
de	S	DE
l'	Da	LE
argent	Nc	ARGENT
trop	Rg	TROP
puissante	Ag	PUISSANT
,	Fw	,
et	Cc	ET
le	Da	LE
larcin	Nc	LARCIN
de	S	DE
cette	Dd	CE
nature	Nc	NATURE
,	Fw	,
trop	Rg	TROP
difficile	Ag	DIFFICILE
à	S	À
prouver	Vvn	PROUVER
;	Fw	;
en	S	EN
un	Dn	UN
mot	Nc	MOT
,	Fw	,
le	Da	LE
titre	Nc	TITRE
de	S	DE
voleur	Nc	VOLEUR
est	Vuc	ÊTRE
une	Dn	UN
qualité	Nc	QUALITÉ
annexée	Ge	ANNEXER
à	S	À
celle	Pd	CELUI
de	S	DE
portier	Nc	PORTIER
de	S	DE
comédie	Nc	COMÉDIE
:	Fw	:
et	Cc	ET
un	Dn	UN
homme	Nc	HOMME
fidèle	Ag	FIDÈLE
de	S	DE
cette	Dd	CE
profession	Nc	PROFESSION
,	Fw	,
est	Vuc	ÊTRE
comme	S	COMME
la	Da	LE
pierre	Nc	PIERRE
philosophale	Ag	PHILOSOPHAL
,	Fw	,
le	Da	LE
mouvement	Nc	MOUVEMENT
perpétuel	Ag	PERPÉTUEL
,	Fw	,
ou	Cc	OU
la	Da	LE
quadrature	Nc	QUADRATURE
du	S+Da	DE+LE
cercle	Nc	CERCLE
;	Fw	;
c'	Pd	CE
est	Vuc	ÊTRE
à	S	À
dire	Vvn	DIRE
,	Fw	,
une	Dn	UN
chose	Nc	CHOSE
possible	Ag	POSSIBLE
et	Cc	ET
non	Rg	NON
trouvée	Ge	TROUVER
.	Fs	.
Mais	Cc	MAIS
mon	Ds	MON
oncle	Nc	ONCLE
,	Fw	,
est	Vuc	ÊTRE
-on	Nc	-on
blâmable	Ag	BLÂMABLE
pour	S	POUR
être	Vun	ÊTRE
comédien	Ag	COMÉDIEN
?	Fs	?
La	Da	LE
question	Nc	QUESTION
que	Pr	QUE
tu	Pp	TU
me	Pp	JE
fais	Vvc	FAIRE
,	Fw	,
n'	Rp	NE
est	Vuc	ÊTRE
pas	Rg	PAS
si	Rg	SI
aisée	Ag	AISÉ
à	S	À
résoudre	Vvn	RÉSOUDRE
,	Fw	,
qu'	Cs	QUE
on	Pp	ON
le	Pp	IL
puisse	Vvc	POUVOIR
faire	Vvn	FAIRE
dans	S	DANS
la	Da	LE
rue	Nc	RUE
,	Fw	,
il	Pp	IL
y	Pp	Y
a	Vuc	AVOIR
beaucoup	Rg	BEAUCOUP
de	S	DE
raisons	Nc	RAISON
,	Fw	,
pour	S	POUR
et	Cc	ET
contre	Rg	CONTRE
,	Fw	,
et	Cc	ET
de	S	DE
plus	Rg	PLUS
,	Fw	,
tel	Di	TEL
se	Pp	IL
nomme	Vvc	NOMMER
comédien	Ag	COMÉDIEN
,	Fw	,
qui	Pr	QUI
n'	Rp	NE
est	Vuc	ÊTRE
rien	Pi	RIEN
moins	Rg	MOINS
que	Cs	QUE
cela	Pd	CELA
,	Fw	,
et	Cc	ET
je	Pp	JE
vois	Vvc	ALLER|VOIR
bien	Rg	BIEN
même	Rg	MÊME
,	Fw	,
que	Cs	QUE
je	Pp	JE
n'	Rp	NE
apprendrai	Vvc	APPRENDRE
d'	S	DE
aujourd'hui	Rg	AUJOURD'HUI
sur	S	SUR
votre	Ds	VOTRE
théâtre	Nc	THÉÂTRE
si	Cs	SI
tes	Ds	TON
compagnons	Nc	COMPAGNON
ont	Vuc	AVOIR
droit	Ag	DROIT
à	S	À
cette	Dd	CE
qualité	Nc	QUALITÉ
,	Fw	,
ou	Cc	OU
s'	Cs	SI
ils	Pp	ILS
l'	Pp	IL
usurpent	Vvc	USURPER
:	Fw	:
car	Cc	CAR
je	Pp	JE
n'	Rp	NE
aperçois	Vvc	APERCEVOIR
venir	Vvn	VENIR
personne	Pi	PERSONNE
,	Fw	,
et	Cc	ET
j'	Pp	JE
ai	Vuc	AVOIR
bien	Rg	BIEN
remarqué	Ge	REMARQUER
,	Fw	,
que	Cs	QUE
le	Da	LE
jeu	Nc	JEU
de	S	DE
paume	Nc	PAUME|PAUMÉ
voisin	Ag	VOISIN
,	Fw	,
était	Vuc	ÊTRE
un	Dn	UN
tour	Nc	TOUR
de	S	DE
ton	Ds	TON
métier	Nc	MÉTIER
.	Fs	.
Mais	Cc	MAIS
ce	Pd	CE
que	Pr	QUE
je	Pp	JE
veux	Vvc	VOULOIR
que	Cs	QUE
tu	Pp	TU
fasses	Vvc	FAIRE
,	Fw	,
est	Vuc	ÊTRE
que	Cs	QUE
tu	Pp	TU
te	Pp	TU
souviennes	Vvc	SOUVENIR
,	Fw	,
que	Cs	QUE
je	Pp	JE
loge	Vvc	LOGER
à	S	À
la	Da	LE
Pomme	Nc	POMME
de	S	DE
Pin	Nc	PIN
,	Fw	,
et	Cc	ET
qu'	Cs	QUE
à	S	À
ce	Dd	CE
soir	Nc	SOIR
tu	Pp	TU
m'	Pp	JE
y	Pp	Y
conduise	Vvc	CONDUIRE
toute	Di	TOUT
la	Da	LE
troupe	Nc	TROUPE
,	Fw	,
pour	S	POUR
venir	Vvn	VENIR
souper	Vvn	SOUPER
avec	S	AVEC
moi	Pp	JE
:	Fw	:
peut-être	Rg	PEUT-ÊTRE
ma	Ds	MON
conversation	Nc	CONVERSATION
ne	Rp	NE
leur	Pp	LEUR
sera	Vuc	ÊTRE
pas	Rg	PAS
inutile	Ag	INUTILE
:	Fw	:
Adieu	Nc	ADIEU
.	Fs	.
Très	Vvc	Très
humble	Ag	HUMBLE
serviteur	Nc	SERVITEUR
mon	Ds	MON
oncle	Nc	ONCLE
.	Fs	.
Jamais	Rg	JAMAIS
je	Pp	JE
ne	Rp	NE
me	Pp	JE
trouvai	Vvc	TROUVER
si	Rg	SI
empêché	Ge	EMPÊCHER
de	S	DE
ma	Ds	MON
contenance	Nc	CONTENANCE
;	Fw	;
mais	Cc	MAIS
puisque	Cs	PUISQUE
je	Pp	JE
ne	Rp	NE
fais	Vvc	FAIRE
plus	Rg	PLUS
rien	Pi	RIEN
ici	Rg	ICI
,	Fw	,
allons	Vvc	ALLER
rejoindre	Vvn	REJOINDRE
nos	Ds	NOTRE
messieurs	Nc	MONSIEUR
,	Fw	,
et	Cc	ET
leur	Pp	LEUR
rendre	Vvn	RENDRE
compte	Nc	COMPTE
de	S	DE
mon	Ds	MON
aventure	Nc	AVENTURE
.	Fs	.
Qu'	Cs	QUE
on	Pp	ON
apporte	Vvc	APPORTER
à	S	À
laver	Vvn	LAVER
,	Fw	,
nous	Pp	NOUS
ne	Rp	NE
faisons	Vvc	FAIRE
plus	Rg	PLUS
rien	Pi	RIEN
à	S	À
table	Nc	TABLE
.	Fs	.
ça	Pd	ÇA|CELA
,	Fw	,
donnez	Vvc	DONNER
moi	Pp	JE
la	Da	LE
main	Nc	MAIN
,	Fw	,
Mademoiselle	Vvc	Mademoiselle
de	S	DE
Beau	Nc	BEAU
...	Fs	...
De	Vvc	De
Beau-soleil	Nc	Beau-soleil
,	Fw	,
à	S	À
votre	Ds	VOTRE
service	Nc	SERVICE
Monsieur	Ag	Monsieur
.	Fs	.
La	Da	LE
faute	Nc	FAUTE
de	S	DE
ma	Ds	MON
mémoire	Nc	MÉMOIRE
est	Vuc	ÊTRE
fort	Rg	FORT
excusable	Ag	EXCUSABLE
,	Fw	,
car	Cc	CAR
toutes	Di	TOUT
les	Da	LE
terres	Nc	TERRE
des	S+Da	DE+LE|DE+LES
comédiens	Nc	COMÉDIEN
,	Fw	,
ont	Vuc	AVOIR
tant	Rg	TANT
de	S	DE
rapport	Nc	RAPPORT
aux	S+Da	À+LES
noms	Nc	NOM
,	Fw	,
qu'	Cs	QUE
il	Pp	IL
est	Vuc	ÊTRE
bien	Rg	BIEN
difficile	Ag	DIFFICILE
qu'	Cs	QUE
on	Pp	ON
ne	Rp	NE
les	Pp	ILS
prenne	Vvc	PRENDRE
l'	Da	LE
un	Pi	UN
pour	S	POUR
l'	Da	LE
autre	Pi	AUTRE
.	Fs	.
Monsieur	Nc	MONSIEUR
de	S	DE
Bellerose	Nc	Bellerose
,	Fw	,
de	S	DE
Belleville	Nc	Belleville
,	Fw	,
Beauchateau	Nc	Beauchateau
,	Fw	,
Belleroche	Vvc	Belleroche
,	Fw	,
Beaulieu	Nc	Beaulieu
,	Fw	,
Beaupré	Vvc	Beaupré
,	Fw	,
Bellefleur	Nc	Bellefleur
,	Fw	,
Belle-Épine	Vvc	Belle-Épine
,	Fw	,
Beau-Séjour	Nc	Beau-Séjour
,	Fw	,
Beau-Soleil	Nc	Beau-Soleil
,	Fw	,
Belle-Ombre	Vvc	Belle-Ombre
,	Fw	,
en	S	EN
fin	Nc	FIN
,	Fw	,
eux	Pp	EUX
seuls	Ag	SEUL
possèdent	Vvc	POSSÉDER
,	Fw	,
toutes	Di	TOUT
les	Da	LE
beautés	Nc	BEAUTÉ
de	S	DE
la	Da	LE
nature	Nc	NATURE
.	Fs	.
Pour	S	POUR
nous	Pp	NOUS
punir	Vvn	PUNIR
en	S	EN
quelque	Di	QUELQUE
façon	Nc	FAÇON
de	S	DE
la	Da	LE
faute	Nc	FAUTE
que	Pr	QUE
nous	Pp	NOUS
avons	Vuc	AVOIR
commise	Ge	COMMETTRE
,	Fw	,
en	S	EN
recevant	Ga	RECEVOIR
Monsieur	Nc	MONSIEUR
votre	Ds	VOTRE
neveu	Nc	NEVEU
,	Fw	,
votre	Ds	VOTRE
bel	Ag	BEAU
esprit	Nc	ESPRIT
a	Vuc	AVOIR
semblé	Ge	SEMBLER
avoir	Vun	AVOIR
pris	Ge	PRENDRE
a	S	À
tâche	Nc	TÂCHE
,	Fw	,
pendant	S	PENDANT
tout	Di	TOUT
le	Da	LE
souper	Nc	SOUPER
,	Fw	,
le	Da	LE
mépris	Nc	MÉPRIS
de	S	DE
la	Da	LE
comédie	Nc	COMÉDIE
:	Fw	:
mais	Cc	MAIS
nous	Pp	NOUS
nous	Pp	NOUS
en	Pp	EN
consolons	Vvc	CONSOLER
,	Fw	,
par	S	PAR
la	Da	LE
connaissance	Nc	CONNAISSANCE
que	Pr	QUE
nous	Pp	NOUS
avons	Vuc	AVOIR
de	S	DE
la	Da	LE
bonté	Nc	BONTÉ
de	S	DE
votre	Ds	VOTRE
jugement	Nc	JUGEMENT
,	Fw	,
qui	Pr	QUI
fans	Nc	FAN
doute	Vvc	DOUTER
,	Fw	,
vous	Pp	VOUS
fait	Vvc	FAIRE
avoir	Vun	AVOIR
dans	S	DANS
l'	Da	LE
âme	Nc	ÂME
,	Fw	,
des	S+Da	DE+LE|DE+LES
sentiments	Nc	SENTIMENT
de	S	DE
notre	Ds	NOTRE
profession	Nc	PROFESSION
,	Fw	,
tous	Di	TOUT
contraires	Ag	CONTRAIRE
,	Fw	,
à	S	À
ce	Pd	CE
que	Pr	QUE
la	Da	LE
raillerie	Nc	RAILLERIE
,	Fw	,
vous	Pp	VOUS
met	Vvc	METTRE
à	S	À
la	Da	LE
bouche	Nc	BOUCHE
sur	S	SUR
ce	Dd	CE
sujet	Nc	SUJET
.	Fs	.
Tant	Rg	TANT
s'	Cs	SI
en	Pp	EN
faut	Vvc	FAILLIR|FALLOIR
que	Cs	QUE
je	Pp	JE
la	Pp	IL
méprise	Vvc	MÉPRISER
,	Fw	,
que	Cs	QUE
je	Pp	JE
tiens	Vvc	TENIR
qu'	Cs	QUE
à	S	À
moins	Rg	MOINS
que	Cs	QUE
d'	S	DE
avoir	Vun	AVOIR
renoncé	Ge	RENONCER
au	S+Da	À+LE
sens	Nc	SENS
commun	Ag	COMMUN
,	Fw	,
il	Pp	IL
n'	Rp	NE
est	Vuc	ÊTRE
pas	Rg	PAS
possible	Ag	POSSIBLE
qu'	Cs	QUE
on	Pp	ON
ne	Rp	NE
l'	Pp	IL
estime	Vvc	ESTIMER
quand	Cs	QUAND
elle	Pp	IL
est	Vuc	ÊTRE
bien	Rg	BIEN
faite	Ge	FAIRE
mais	Cc	MAIS
je	Pp	JE
vous	Pp	VOUS
dirai	Vvc	DIRE
librement	Rg	LIBREMENT
,	Fw	,
que	Cs	QUE
j'	Pp	JE
ai	Vuc	AVOIR
le	Da	LE
même	Ag	MÊME
goût	Nc	GOÛT
pour	S	POUR
les	Da	LE
comédies	Nc	COMÉDIE
,	Fw	,
que	Cs	QUE
pour	S	POUR
les	Da	LE
vers	Nc	VER|VERS|VERT
,	Fw	,
pour	S	POUR
les	Da	LE
melons	Nc	MELON
,	Fw	,
et	Cc	ET
pour	S	POUR
les	Da	LE
amis	Nc	AMI
;	Fw	;
c'	Pd	CE
est	Vuc	ÊTRE
à	S	À
dire	Vvn	DIRE
,	Fw	,
que	Cs	QUE
s'	Pp	SE
ils	Pp	ILS
ne	Rp	NE
sont	Vuc	ÊTRE
excellents	Ag	EXCELLENT
,	Fw	,
ils	Pp	ILS
ne	Rp	NE
valent	Vvc	VALOIR
rien	Pi	RIEN
du	S+Da	DE+LE
tout	Pi	TOUT
.	Fs	.
Il	Pp	IL
y	Pp	Y
a	Vuc	AVOIR
des	Dn	UN
choses	Nc	CHOSE
d'	S	DE
une	Dn	UN
nature	Nc	NATURE
si	Rg	SI
relevée	Ge	RELEVER
,	Fw	,
que	Cs	QUE
la	Da	LE
médiocrité	Nc	MÉDIOCRITÉ
les	Pp	ILS
détruit	Vvc	DÉTRUIRE
:	Fw	:
et	Cc	ET
à	S	À
n'	Rp	NE
en	Pp	EN
point	Rg	POINT
mentir	Vvn	MENTIR
,	Fw	,
il	Pp	IL
faut	Vvc	FAILLIR|FALLOIR
tant	Rg	TANT
de	S	DE
qualités	Nc	QUALITÉ
à	S	À
un	Dn	UN
Comédien	Nc	Comédien
,	Fw	,
pour	S	POUR
mériter	Vvn	MÉRITER
celle	Pd	CELUI
de	S	DE
bon	Ag	BON
,	Fw	,
qu'	Cs	QUE
on	Pp	ON
ne	Rp	NE
les	Pp	ILS
rencontre	Vvc	RENCONTRER
,	Fw	,
que	Cs	QUE
fort	Rg	FORT
rarement	Rg	RAREMENT
ensemble	Rg	ENSEMBLE
,	Fw	,
il	Pp	IL
faut	Vvc	FAILLIR|FALLOIR
premièrement	Rg	PREMIÈREMENT
que	Cs	QUE
la	Da	LE
nature	Nc	NATURE
y	Pp	Y
contribue	Vvc	CONTRIBUER
,	Fw	,
en	S	EN
lui	Pp	IL
donnant	Ga	DONNER
la	Da	LE
bonne	Ag	BON
mine	Nc	MINE
;	Fw	;
c'	Pd	CE
est	Vuc	ÊTRE
ce	Pd	CE
qui	Pr	QUI
fait	Vvc	FAIRE
la	Da	LE
première	Ag	PREMIER
impression	Nc	IMPRESSION
dans	S	DANS
l'	Da	LE
âme	Nc	ÂME
des	S+Da	DE+LE|DE+LES
spectateurs	Nc	SPECTATEUR
:	Fw	:
qu'	Cs	QUE
il	Pp	IL
ait	Vuc	AVOIR
le	Da	LE
port	Nc	PORT
du	S+Da	DE+LE
corps	Nc	CORPS
avantageux	Ag	AVANTAGEUX
,	Fw	,
l'	Da	LE
action	Nc	ACTION
libre	Ag	LIBRE
,	Fw	,
et	Cc	ET
sans	S	SANS
contrainte	Nc	CONTRAINTE
;	Fw	;
la	Da	LE
voix	Nc	VOIX
claire	Ag	CLAIR
,	Fw	,
nette	Ag	NET
,	Fw	,
et	Cc	ET
forte	Ag	FORT
;	Fw	;
que	Cs	QUE
son	Ds	SON
langage	Nc	LANGAGE
soit	Vuc	ÊTRE
exempt	Ag	EXEMPT
des	S+Da	DE+LE|DE+LES
mauvaises	Ag	MAUVAIS
prononciations	Nc	PRONONCIATION
,	Fw	,
et	Cc	ET
des	S+Da	DE+LE|DE+LES
accès	Nc	ACCÈS
corrompus	Ge	CORROMPRE
,	Fw	,
qu'	Cs	QUE
on	Pp	ON
acquiert	Vvc	ACQUÉRIR
dans	S	DANS
les	Da	LE
Provinces	Nc	PROVINCE
,	Fw	,
et	Cc	ET
qu'	Cs	QUE
il	Pp	IL
se	Pp	IL
conserve	Vvc	CONSERVER
toujours	Rg	TOUJOURS
la	Da	LE
pureté	Nc	PURETÉ
du	S+Da	DE+LE
français	Nc	FRANÇAIS
,	Fw	,
qu'	Cs	QUE
il	Pp	IL
ait	Vuc	AVOIR
l'	Da	LE
esprit	Nc	ESPRIT
et	Cc	ET
le	Da	LE
jugement	Nc	JUGEMENT
bon	Ag	BON
,	Fw	,
pour	S	POUR
l'	Da	LE
intelligence	Nc	INTELLIGENCE
des	S+Da	DE+LE|DE+LES
vers	Nc	VER|VERS|VERT
,	Fw	,
et	Cc	ET
la	Da	LE
force	Nc	FORCE|FORCÉ
de	S	DE
la	Da	LE
mémoire	Nc	MÉMOIRE
,	Fw	,
pour	S	POUR
les	Pp	ILS
apprendre	Vvn	APPRENDRE
promptement	Rg	PROMPTEMENT
,	Fw	,
et	Cc	ET
les	Pp	ILS
retenir	Vvn	RETENIR
après	S	APRÈS
toujours	Rg	TOUJOURS
qu'	Cs	QUE
il	Pp	IL
ne	Rp	NE
soit	Vuc	ÊTRE
ignorant	Nc	IGNORANT
ni	Cc	NI
de	S	DE
l'	Da	LE
histoire	Nc	HISTOIRE
,	Fw	,
ni	Cc	NI
de	S	DE
la	Da	LE
fable	Nc	FABLE
,	Fw	,
car	Cc	CAR
autrement	Rg	AUTREMENT
,	Fw	,
il	Pp	IL
fera	Vvc	FAIRE|FERRER
du	S+Da	DE+LE
Galimatias	Nc	GALIMATIAS
malgré	S	MALGRÉ
qu'	Cs	QUE
il	Pp	IL
en	Pp	EN
aie	Vuc	AVOIR
:	Fw	:
et	Cc	ET
récitera	Vvc	RÉCITER
des	Dn	UN
choses	Nc	CHOSE
bien	Rg	BIEN
souvent	Rg	SOUVENT
à	S	À
contre-sens	Nc	contre-sens
:	Fw	:
et	Cc	ET
aussi	Rg	AUSSI
hors	S	HORS
de	S	DE
ton	Ds	TON
,	Fw	,
qu'	Cs	QUE
un	Dn	UN
musicien	Nc	MUSICIEN
qui	Pr	QUI
n'	Rp	NE
a	Vuc	AVOIR
point	Rg	POINT
d'	S	DE
oreille	Nc	OREILLE
:	Fw	:
ses	Ds	SON
actions	Nc	ACTION
mêmes	Ag	MÊME
seront	Vuc	ÊTRE
comme	S	COMME
les	Da	LE
pas	Rg	PAS
d'	S	DE
un	Dn	UN
mauvais	Ag	MAUVAIS
balladin	Nc	BALADIN
,	Fw	,
qui	Pr	QUI
saute	Vvc	SAUTER
une	Dn	UN
heure	Nc	HEURE|HURE
après	S	APRÈS
la	Da	LE
cadence	Nc	CADENCE
;	Fw	;
et	Cc	ET
de	S	DE
là	Rg	LÀ
vient	Vvc	VENIR
tant	Rg	TANT
de	S	DE
postures	Nc	POSTURE
extravagantes	Ag	EXTRAVAGANT
,	Fw	,
et	Cc	ET
tant	Rg	TANT
de	S	DE
lever	Vvn	LEVER
de	S	DE
chapeau	Nc	CHAPEAU
hors	S	HORS
de	Dn	UN
saison	Nc	SAISON
,	Fw	,
comme	Cs	COMME
on	Pp	ON
en	Pp	EN
voit	Vvc	VOIR
sur	S	SUR
les	Da	LE
théâtres	Nc	THÉÂTRE
.	Fs	.
Enfin	Rg	ENFIN
,	Fw	,
il	Pp	IL
faut	Vvc	FAILLIR|FALLOIR
que	Cs	QUE
toutes	Di	TOUT
ces	Dd	CE
parties	Nc	PARTIE|PARTY
soient	Vuc	ÊTRE
encore	Rg	ENCORE
accompagnées	Ge	ACCOMPAGNER
d'	S	DE
une	Dn	UN
hardiesse	Nc	HARDIESSE
modeste	Ag	MODESTE
qui	Pr	QUI
ne	Rp	NE
tenant	Ga	TENIR
rien	Pi	RIEN
de	S	DE
l'	Da	LE
effronté	Nc	EFFRONTÉ
,	Fw	,
ni	Cc	NI
du	S+Da	DE+LE
timide	Ag	TIMIDE
,	Fw	,
se	Pp	IL
maintienne	Vvc	MAINTENIR
dans	S	DANS
un	Dn	UN
juste	Ag	JUSTE
tempérament	Nc	TEMPÉRAMENT
,	Fw	,
et	Cc	ET
pour	S	POUR
conclusion	Nc	CONCLUSION
,	Fw	,
il	Pp	IL
faut	Vvc	FAILLIR|FALLOIR
,	Fw	,
que	Cs	QUE
les	Da	LE
pleurs	Nc	PLEUR
,	Fw	,
le	Da	LE
rire	Nc	RIRE
,	Fw	,
l'	Da	LE
amour	Nc	AMOUR
,	Fw	,
la	Da	LE
haine	Nc	HAINE
,	Fw	,
l'	Da	LE
indifférence	Nc	INDIFFÉRENCE
,	Fw	,
le	Da	LE
mépris	Nc	MÉPRIS
,	Fw	,
la	Da	LE
jalousie	Nc	JALOUSIE
,	Fw	,
la	Da	LE
colère	Nc	COLÈRE
,	Fw	,
l'	Da	LE
ambition	Nc	AMBITION
,	Fw	,
et	Cc	ET
bref	Rg	BREF
que	Cs	QUE
toutes	Di	TOUT
les	Da	LE
passions	Nc	PASSION
soient	Vuc	ÊTRE
peintes	Ge	PEINDRE
sur	S	SUR
son	Ds	SON
visage	Nc	VISAGE
,	Fw	,
chaque	Di	CHAQUE
fois	Nc	FOI|FOIS
qu'	Pr	QUE
il	Pp	IL
le	Pp	IL
voudra	Vvc	VOULOIR
.	Fs	.
Or	Cc	OR
jugez	Vvc	JUGER
maintenant	Rg	MAINTENANT
,	Fw	,
si	Cs	SI
un	Dn	UN
homme	Nc	HOMME
de	S	DE
cette	Dd	CE
sorte	Nc	SORTE
,	Fw	,
est	Vuc	ÊTRE
beaucoup	Rg	BEAUCOUP
moins	Rg	MOINS
rare	Ag	RARE
que	Cs	QUE
le	Da	LE
phoenix	Nc	PHOENIX
?	Fs	?
Ce	Pd	CE
que	Pr	QUE
vous	Pp	VOUS
nous	Pp	NOUS
venez	Vvc	VENIR
de	S	DE
dire	Vvn	DIRE
,	Fw	,
est	Vuc	ÊTRE
l'	Da	LE
idée	Nc	IDÉE
de	S	DE
la	Da	LE
perfection	Nc	PERFECTION
,	Fw	,
qui	Pr	QUI
ne	Rp	NE
se	Pp	IL
trouve	Vvc	TROUVER
point	Rg	POINT
aux	S+Da	À+LES
hommes	Nc	HOMME
:	Fw	:
mais	Cc	MAIS
si	Cs	SI
j'	Pp	JE
ose	Vvc	OSER
bien	Rg	BIEN
assurer	Vvn	ASSURER
que	Cs	QUE
notre	Ds	NOTRE
troupe	Nc	TROUPE
n'	Rp	NE
en	Pp	EN
est	Vuc	ÊTRE
pas	Rg	PAS
tant	Rg	TANT
éloignée	Ge	ÉLOIGNER
;	Fw	;
et	Cc	ET
comme	Cs	COMME
vous	Pp	VOUS
savez	Vvc	SAVOIR
parfaitement	Rg	PARFAITEMENT
faire	Vvn	FAIRE
le	Da	LE
discernement	Nc	DISCERNEMENT
des	S+Da	DE+LE|DE+LES
bonnes	Ag	BON
et	Cc	ET
des	Dn	UN
mauvaises	Ag	MAUVAIS
choses	Nc	CHOSE
,	Fw	,
si	Cs	SI
vous	Pp	VOUS
nous	Pp	NOUS
aviez	Vuc	AVOIR
vu	Ge	VOIR
représenter	Vvn	REPRÉSENTER
,	Fw	,
peut-être	Rg	PEUT-ÊTRE
seriez	Vuc	ÊTRE
vous	Pp	VOUS
de	S	DE
mon	Ds	MON
avis	Nc	AVIS
.	Fs	.
À	Vvc	À
dire	Vvn	DIRE
vrai	Ag	VRAI
l'	Pp	IL
on	Pp	ON
connaît	Vvc	CONNAÎTRE
le	Da	LE
Lion	Nc	LION
par	S	PAR
l'	Da	LE
ongle	Nc	ONGLE
:	Fw	:
mais	Cc	MAIS
les	Da	LE
nuits	Nc	NUIT
sont	Vuc	ÊTRE
longues	Ag	LONG
,	Fw	,
et	Cc	ET
ennuyeuses	Ag	ENNUYEUX
,	Fw	,
quand	Cs	QUAND
vous	Pp	VOUS
m'	Pp	JE
aurez	Vuc	AVOIR
fait	Ge	FAIRE
la	Da	LE
faveur	Nc	FAVEUR
d'	S	DE
en	Pp	EN
employer	Vvn	EMPLOYER
une	Dn	UN
demie-heure	Nc	demie-heure
à	S	À
réciter	Vvn	RÉCITER
des	Dn	UN
vers	Nc	VER|VERS|VERT
devant	S	DEVANT
moi	Pp	JE
,	Fw	,
il	Pp	IL
nous	Pp	NOUS
restera	Vvc	RESTER
encore	Rg	ENCORE
assez	Rg	ASSEZ
pour	S	POUR
dormir	Vvn	DORMIR
.	Fs	.
Vous	Pp	VOUS
pouvez	Vvc	POUVOIR
tout	Rg	TOUT
sur	S	SUR
notre	Ds	NOTRE
obéissance	Nc	OBÉISSANCE
.	Fs	.
Quelles	Dt	QUEL
pièces	Nc	PIÈCE
avez	Vuc	AVOIR
-vous	Nc	-vous
?	Fs	?
Toutes	Di	TOUT
celles	Pd	CELUI
de	S	DE
feu	Nc	FEU
Hardy	Ge	Hardy
.	Fs	.
Il	Pp	IL
faut	Vvc	FAILLIR|FALLOIR
donner	Vvn	DONNER
cet	Dd	CE
aveu	Nc	AVEU
à	S	À
la	Da	LE
mémoire	Nc	MÉMOIRE
de	S	DE
cet	Dd	CE
auteur	Nc	AUTEUR
,	Fw	,
qu'	Cs	QUE
il	Pp	IL
avait	Vuc	AVOIR
un	Dn	UN
puissant	Ag	PUISSANT
génie	Nc	GÉNIE
,	Fw	,
et	Cc	ET
une	Dn	UN
veine	Nc	VEINE
prodigieusement	Rg	PRODIGIEUSEMENT
abondante	Ga	ABONDER
(	Fw	(
comme	S	COMME
huit	Nc	HUIT
cents	Nc	CENT
poèmes	Nc	POÈME
de	S	DE
sa	Ds	SON
façon	Nc	FAÇON
en	Pp	EN
font	Vvc	FAIRE
foi	Nc	FOI
)	Fw	)
et	Cc	ET
certes	Rg	CERTES
à	S	À
lui	Pp	IL
seul	Ag	SEUL
appartient	Vvc	APPARTENIR
la	Da	LE
gloire	Nc	GLOIRE
,	Fw	,
d'	S	DE
avoir	Vun	AVOIR
le	Da	LE
premier	Nc	PREMIER
relevé	Ge	RELEVER
le	Da	LE
théâtre	Nc	THÉÂTRE
français	Ag	FRANÇAIS
,	Fw	,
tombé	Ge	TOMBER
depuis	S	DEPUIS
tant	Rg	TANT
d'	S	DE
années	Nc	ANNÉE
.	Fs	.
Il	Pp	IL
était	Vuc	ÊTRE
plein	Ag	PLEIN
de	S	DE
facilité	Nc	FACILITÉ
,	Fw	,
et	Cc	ET
de	S	DE
doctrine	Nc	DOCTRINE
,	Fw	,
et	Cc	ET
quoi	Pt	QUE|QUOI
qu'	Cs	QUE
en	Pp	EN
veuillent	Vvc	VOULOIR
dire	Vvn	DIRE
ses	Ds	SON
envieux	Nc	ENVIEUX
,	Fw	,
il	Pp	IL
est	Vuc	ÊTRE
certain	Ag	CERTAIN
que	Cs	QUE
c'	Pd	CE
était	Vuc	ÊTRE
un	Dn	UN
grand	Ag	GRAND
homme	Nc	HOMME
.	Fs	.
Et	Cc	ET
s'	Pp	SE
il	Pp	IL
eut	Vuc	AVOIR
aussi	Rg	AUSSI
bien	Rg	BIEN
travaillé	Ge	TRAVAILLER
par	S	PAR
divertissement	Nc	DIVERTISSEMENT
,	Fw	,
que	Cs	QUE
par	S	PAR
nécessité	Nc	NÉCESSITÉ
,	Fw	,
ses	Ds	SON
ouvrages	Nc	OUVRAGE
auraient	Vuc	AVOIR
sans	S	SANS
doute	Nc	DOUTE
,	Fw	,
été	Ge	ÊTRE
inimitables	Ag	INIMITABLE
:	Fw	:
mais	Cc	MAIS
il	Pp	IL
avait	Vuc	AVOIR
trop	Rg	TROP
de	S	DE
part	Nc	PART
à	S	À
la	Da	LE
pauvreté	Nc	PAUVRETÉ
de	S	DE
ceux	Pd	CELUI
de	S	DE
sa	Ds	SON
profession	Nc	PROFESSION
,	Fw	,
et	Cc	ET
c'	Pd	CE
est	Vuc	ÊTRE
ce	Pd	CE
que	Pr	QUE
produit	Vvc	PRODUIRE
l'	Da	LE
ignorance	Nc	IGNORANCE
de	S	DE
notre	Ds	NOTRE
siècle	Nc	SIÈCLE
,	Fw	,
et	Cc	ET
le	Da	LE
mépris	Nc	MÉPRIS
de	S	DE
la	Da	LE
vertu	Nc	VERTU
.	Fs	.
Nous	Pp	NOUS
avons	Vuc	AVOIR
encor	Nc	encor
tout	Di	TOUT
ce	Dd	CE
jeu	Nc	JEU
imprimé	Ge	IMPRIMER
,	Fw	,
La	Vvc	La
Pyrame	Nc	Pyrame
de	S	DE
Théophile	Nc	Théophile
,	Fw	,
poème	Nc	POÈME
,	Fw	,
qui	Pr	QUI
n'	Rp	NE
est	Vuc	ÊTRE
mauvais	Ag	MAUVAIS
qu'	Cs	QUE
en	S	EN
ce	Pd	CE
qu'	Pr	QUE
il	Pp	IL
a	Vuc	AVOIR
été	Ge	ÊTRE
trop	Rg	TROP
bon	Ag	BON
:	Fw	:
car	Cc	CAR
excepté	S	EXCEPTÉ
ceux	Pd	CELUI
qui	Pr	QUI
n'	Rp	NE
ont	Vuc	AVOIR
point	Rg	POINT
de	S	DE
mémoire	Nc	MÉMOIRE
,	Fw	,
il	Pp	IL
ne	Rp	NE
se	Pp	IL
trouve	Vvc	TROUVER
personne	Pi	PERSONNE
qui	Pr	QUI
ne	Rp	NE
le	Pp	IL
sache	Vvc	SAVOIR
par	S	PAR
coeur	Nc	CUR
,	Fw	,
de	S	DE
sorte	Nc	SORTE
que	Cs	QUE
ses	Ds	SON
raretés	Nc	RARETÉ
,	Fw	,
empêchent	Vvc	EMPÊCHER
qu'	Cs	QUE
il	Pp	IL
ne	Rp	NE
soit	Vuc	ÊTRE
rare	Ag	RARE
.	Fs	.
Nous	Pp	NOUS
avons	Vuc	AVOIR
aussi	Rg	AUSSI
la	Da	LE
Sylvie	Nc	Sylvie
,	Fw	,
la	Pp	IL
Chriseïde	Vvc	Chriseïde
,	Fw	,
et	Cc	ET
la	Pp	IL
Sylvanire	Vvc	Sylvanire
,	Fw	,
Les	Vvc	Les
Folies	Vvc	Folies
de	S	DE
Cardenio	Nc	Cardenio
,	Fw	,
L'	Vvc	L'
infidèle	Ag	INFIDÈLE
Confidente	Vvc	Confidente
,	Fw	,
et	Cc	ET
la	Da	LE
Philis	Nc	Philis
de	S	DE
Scire	Nc	Scire
,	Fw	,
les	Pp	ILS
Bergeries	Vvc	Bergeries
de	S	DE
Monsieur	Nc	MONSIEUR
de	S	DE
Racan	Nc	Racan
,	Fw	,
Ligdamon	Nc	Ligdamon
,	Fw	,
le	Da	LE
Trompeur	Nc	TROMPEUR
Puni	Vvc	Puni
,	Fw	,
Mélite	Nc	Mélite
,	Fw	,
Clitandre	Nc	Clitandre
,	Fw	,
la	Pp	IL
Veuve	Vvc	Veuve
,	Fw	,
la	Pp	IL
Bague	Vvc	BAGUER
de	S	DE
l'	Da	LE
oubli	Nc	OUBLI
,	Fw	,
et	Cc	ET
tout	Pi	TOUT
ce	Pd	CE
qu'	Pr	QUE
ont	Vuc	AVOIR
mis	Ge	METTRE
en	S	EN
lumière	Nc	LUMIÈRE
les	Da	LE
plus	Rg	PLUS
beaux	Ag	BEAU
esprits	Nc	ESPRIT|ESPRITS
du	S+Da	DE+LE
temps	Nc	TEMPS
,	Fw	,
mais	Cc	MAIS
pour	S	POUR
maintenant	Rg	MAINTENANT
,	Fw	,
il	Pp	IL
suffira	Vvc	SUFFIRE
que	Cs	QUE
nous	Pp	NOUS
vous	Pp	VOUS
fassions	Vvc	FAIRE
ouïr	Vvn	OUÏR
une	Dn	UN
Églogue	Nc	Églogue
Pastorale	Ag	PASTORAL
à	S	À
l'	Da	LE
auteur	Nc	AUTEUR
du	S+Da	DE+LE
Trompeur	Ag	Trompeur
puni	Nc	PUNI
,	Fw	,
nous	Pp	NOUS
l'	Pp	IL
avons	Vuc	AVOIR
apprise	Ge	APPRENDRE
parce	Vvc	parce
qu'	Cs	QUE
elle	Pp	IL
est	Vuc	ÊTRE
bonne	Ag	BON
,	Fw	,
et	Cc	ET
sans	S	SANS
dessein	Nc	DESSEIN
de	S	DE
nous	Pp	NOUS
en	S	EN
servir	Vvn	SERVIR
au	S+Da	À+LE
théâtre	Nc	THÉÂTRE
,	Fw	,
pour	S	POUR
lequel	Pr	LEQUEL
elle	Pp	IL
n'	Rp	NE
a	Vuc	AVOIR
pas	Rg	PAS
été	Ge	ÊTRE
composée	Nc	COMPOSÉE
:	Fw	:
prenez	Vvc	PRENDRE
la	Da	LE
peine	Nc	PEINE
de	S	DE
l'	Pp	IL
entendre	Vvn	ENTENDRE
.	Fs	.
Vous	Pp	VOUS
n'	Rp	NE
avez	Vuc	AVOIR
pas	Rg	PAS
mal	Rg	MAL
choisi	Ge	CHOISIR
,	Fw	,
pour	S	POUR
rencontrer	Vvn	RENCONTRER
mon	Ds	MON
approbation	Nc	APPROBATION
car	Cc	CAR
ce	Dd	CE
gentilhomme	Nc	GENTILHOMME
dont	Pr	DONT
vous	Pp	VOUS
parlez	Vvc	PARLER
,	Fw	,
est	Vuc	ÊTRE
à	S	À
mon	Ds	MON
gré	Nc	GRÉ
un	Dn	UN
de	S	DE
ceux	Pd	CELUI
qui	Pr	QUI
portent	Vvc	PORTER
une	Dn	UN
épée	Nc	ÉPÉE
,	Fw	,
qui	Pr	QUI
s'	Pp	SE
aide	Vvc	AIDER
le	Da	LE
mieux	Nc	MIEUX
d'	S	DE
une	Dn	UN
plume	Nc	PLUME
:	Fw	:
mais	Cc	MAIS
commencez	Vvc	COMMENCER
quand	Cs	QUAND
il	Pp	IL
vous	Pp	VOUS
plaira	Vvc	PLAIRE
.	Fs	.
Que	Pt	QUE
faites	Vvc	FAIRE
vous	Pp	VOUS
Iris	Nc	IRIS
dans	S	DANS
cette	Dd	CE
forêt	Nc	FORÊT
sombre	Ag	SOMBRE
Où	Vvc	Où
nul	Di	NUL
soleil	Nc	SOLEIL
que	Pr	QUE
vous	Pp	VOUS
n'	Rp	NE
a	Vuc	AVOIR
jamais	Rg	JAMAIS
pénétré	Ge	PÉNÉTRER
J'	Vvc	J'
y	Pp	Y
cherchais	Vvc	CHERCHER
ce	Pd	CE
qui	Pr	QUI
fuit	Vvc	FUIR
,	Fw	,
c'	Pd	CE
est	Vuc	ÊTRE
à	S	À
dire	Vvn	DIRE
de	S	DE
l'	Da	LE
ombre	Nc	OMBRE
,	Fw	,
Et	Vvc	Et
fuyais	Vvc	FUIR
seulement	Rg	SEULEMENT
ce	Pd	CE
que	Pr	QUE
j'	Pp	JE
ai	Vuc	AVOIR
rencontré	Ge	RENCONTRER
.	Fs	.
Plus	Rg	PLUS
parfait	Ag	PARFAIT
que	Pr	QUE
Pâris	Vvc	Pâris
,	Fw	,
cher	Ag	CHER
miracle	Nc	MIRACLE
des	S+Da	DE+LE|DE+LES
hommes	Nc	HOMME
,	Fw	,
Pourquoi	Vvc	Pourquoi
haïssez	Vvc	HAÏR
-vous	Nc	-vous
mon	Ds	MON
visage	Nc	VISAGE
et	Cc	ET
mon	Ds	MON
nom	Nc	NOM
?	Fs	?
Si	Cs	SI
j'	Pp	JE
étais	Vuc	ÊTRE
ce	Dd	CE
Troyen	Nc	TROYEN
,	Fw	,
et	Cc	ET
que	Cs	QUE
j'	Pp	JE
eusse	Vuc	AVOIR
cent	Nc	CENT
pommes	Vvc	POMMER
,	Fw	,
Vous	Nc	Vous
en	Pp	EN
auriez	Vuc	AVOIR
autant	Rg	AUTANT
,	Fw	,
que	Pr	QUE
Pallas	Vvc	Pallas
,	Fw	,
que	Cs	QUE
Junon	Nc	Junon
.	Fs	.
Reine	Nc	REINE|ROI
de	S	DE
mes	Ds	MON
désirs	Nc	DÉSIR
,	Fw	,
tu	Pp	TU
te	Pp	TU
vois	Vvc	ALLER|VOIR
refusée	Ge	REFUSER
,	Fw	,
Et	Vvc	Et
moi	Pp	JE
qui	Pr	QUI
te	Pp	TU
chéris	Vvc	CHÉRIR
,	Fw	,
je	Pp	JE
me	Pp	JE
vois	Vvc	ALLER|VOIR
méprisé	Ge	MÉPRISER
.	Fs	.
Si	Rg	SI
guérir	Vvn	GUÉRIR
d'	S	DE
un	Dn	UN
refus	Nc	REFUS
,	Fw	,
est	Vuc	ÊTRE
chose	Nc	CHOSE
tant	Rg	TANT
aisée	Ag	AISÉ
,	Fw	,
Que	Vvc	Que
ne	Rp	NE
te	Pp	TU
guéris	Vvc	GUÉRIR
-tu	Vvn	-tu
,	Fw	,
te	Pp	TU
voyant	Ga	VOIR
refuser	Vvn	REFUSER
Quitte	Vvc	QUITTER
cher	Ag	CHER
Alcidon	Nc	Alcidon
,	Fw	,
quitte	Vvc	QUITTER
cette	Dd	CE
farouche	Ag	FAROUCHE
Qui	Nc	Qui
ne	Rp	NE
mérite	Vvc	MÉRITER
pas	Rg	PAS
de	S	DE
captiver	Vvn	CAPTIVER
ta	Ds	TON
foi	Nc	FOI
.	Fs	.
Veux	Vvc	VOULOIR
-tu	Vvn	-tu
que	Cs	QUE
la	Da	LE
raison	Nc	RAISON
se	Pp	IL
trouve	Vvc	TROUVER
dans	S	DANS
ta	Ds	TON
bouche	Nc	BOUCHE
,	Fw	,
Ne	Vvc	Ne
me	Pp	JE
parle	Vvc	PARLER
point	Rg	POINT
d'	S	DE
elle	Pp	IL
,	Fw	,
et	Cc	ET
dis	Vvc	DIRE
cela	Pd	CELA
de	S	DE
toi	Pp	TU
.	Fs	.
Ha	Rg	HA
Glaçon	Nc	Glaçon
animé	Ge	ANIMER
,	Fw	,
tu	Pp	TU
veux	Vvc	VOULOIR
meurtrir	Vvn	MEURTRIR
Tancrède	Vvc	Tancrède
,	Fw	,
Ton	Vvc	Ton
abord	Nc	ABORD
méprisant	Ag	MÉPRISANT
,	Fw	,
en	Pp	EN
porte	Vvc	PORTER
la	Da	LE
façon	Nc	FAÇON
.	Fs	.
Berger	Nc	BERGER
,	Fw	,
ne	Rp	NE
te	Pp	TU
plains	Vvc	PLAINDRE
pas	Rg	PAS
de	S	DE
rencontrer	Vvn	RENCONTRER
frede	Vvc	frede
Il	Nc	Il
faut	Vvc	FAILLIR|FALLOIR
que	Cs	QUE
je	Pp	JE
le	Pp	IL
sois	Vuc	ÊTRE
,	Fw	,
si	Cs	SI
je	Pp	JE
suis	Vuc	ÊTRE
un	Dn	UN
glaçon	Nc	GLAÇON
.	Fs	.
Las	Ag	LAS
,	Fw	,
réponds	Vvc	RÉPONDRE
à	S	À
ma	Ds	MON
voix	Nc	VOIX
,	Fw	,
alors	Rg	ALORS
qu'	Cs	QUE
elle	Pp	IL
t'	Pp	TU
approche	Vvc	APPROCHER
Un	Ag	Un
rocher	Nc	ROCHER
endurci	Ge	ENDURCIR
,	Fw	,
ne	Rp	NE
doit	Vvc	DEVOIR
pas	Rg	PAS
craindre	Vvn	CRAINDRE
l'	Da	LE
air	Nc	AIR
,	Fw	,
Discours	Vvc	DISCOURIR
doncques	Nc	doncques
fort	Rg	FORT
peu	Rg	PEU
car	Cc	CAR
étant	Ga	ÊTRE
une	Dn	UN
roche	Nc	ROCHE
Après	Vvc	Après
deux	Nc	DEUX
ou	Pr	OÙ
trois	Vvc	TRAIRE
mots	Nc	MOT|MOTS
,	Fw	,
je	Pp	JE
ne	Rp	NE
puis	Vvc	POUVOIR
pins	Nc	PIN
parler	Vvn	PARLER
.	Fs	.
Puisque	Cs	PUISQUE
tout	Di	TOUT
mes	Ds	MON
souhaits	Nc	SOUHAIT
,	Fw	,
ont	Vuc	AVOIR
la	Da	LE
raison	Nc	RAISON
pour	S	POUR
règle	Nc	RÈGLE
Permets	Vvc	PERMETTRE
moi	Pp	JE
de	S	DE
te	Pp	TU
voir	Vvn	VOIR
,	Fw	,
bel	Ag	BEAU
astre	Nc	ASTRE|ÂTRE
sans	S	SANS
parler	Vvn	PARLER
.	Fs	.
Ferme	Vvc	FERMER
plutôt	Rg	PLUTÔT
les	Da	LE
yeux	Nc	OEIL|YEUX
car	Cc	CAR
n'	Rp	NE
étant	Ga	ÊTRE
point	Rg	POINT
une	Dn	UN
aigle	Nc	AIGLE
,	Fw	,
Je	Vvc	Je
pourrais	Vvc	POUVOIR
t'	Pp	TU
aveugler	Vvn	AVEUGLER
,	Fw	,
si	Cs	SI
je	Pp	JE
suis	Vuc	ÊTRE
un	Dn	UN
soleil	Nc	SOLEIL
.	Fs	.
Ingrat	Ag	INGRAT
,	Fw	,
si	Cs	SI
tu	Pp	TU
me	Pp	JE
fuis	Vvc	FUIR
,	Fw	,
le	Da	LE
torrent	Nc	TORRENT
de	S	DE
mes	Ds	MON
larmes	Nc	LARME
,	Fw	,
Te	Vvc	Te
suivra	Vvc	SUIVRE
pas	Rg	PAS
à	S	À
pas	Rg	PAS
,	Fw	,
afin	S	AFIN
de	S	DE
t'	Pp	TU
abîmer	Vvn	ABÎMER
.	Fs	.
Cherche	Vvc	CHERCHER
ailleurs	Rg	AILLEURS
que	Cs	QUE
dans	S	DANS
l'	Da	LE
eau	Nc	EAU
,	Fw	,
du	S+Da	DE+LE
secours	Nc	SECOURS
et	Cc	ET
des	S+Da	DE+LE|DE+LES
armes	Nc	ARME|ARMÉ
,	Fw	,
Car	Nc	CAR
le	Da	LE
feu	Nc	FEU
que	Pr	QUE
je	Pp	JE
sens	Vvc	SENTIR
pourrait	Vvc	POUVOIR
tarir	Vvn	TARIR
la	Da	LE
Mer	Nc	MER
.	Fs	.
Enfin	Rg	ENFIN
je	Pp	JE
ne	Rp	NE
puis	Vvc	POUVOIR
plus	Rg	PLUS
souffrir	Vvn	SOUFFRIR
ton	Ds	TON
arrogance	Nc	ARROGANCE
,	Fw	,
Adieu	Nc	ADIEU
méchante	Ag	MÉCHANT
Iris	Nc	IRIS
,	Fw	,
qui	Pr	QUI
ma	Ds	MON
raison	Nc	RAISON
surprit	Vvc	SURPRENDRE
.	Fs	.
Va	Vvc	ALLER
,	Fw	,
ne	Rp	NE
me	Pp	JE
blâme	Vvc	BLÂMER
point	Rg	POINT
de	S	DE
cette	Dd	CE
répugnance	Nc	RÉPUGNANCE
,	Fw	,
Qui	Vvc	Qui
vient	Vvc	VENIR
de	S	DE
mon	Ds	MON
mérite	Nc	MÉRITE
,	Fw	,
et	Cc	ET
de	S	DE
ton	Ds	TON
peu	Rg	PEU
d'	S	DE
esprit	Nc	ESPRIT
Enflammé	Vvc	Enflammé
d'	S	DE
un	Dn	UN
dépit	Nc	DÉPIT
,	Fw	,
que	Cs	QUE
tu	Pp	TU
portes	Vvc	PORTER
dans	S	DANS
l'	Da	LE
âme	Nc	ÂME
,	Fw	,
Souffre	Vvc	SOUFFRIR
moi	Pp	JE
de	S	DE
te	Pp	TU
suivre	Vvn	SUIVRE
,	Fw	,
et	Cc	ET
de	S	DE
te	Pp	TU
consoler	Vvn	CONSOLER
.	Fs	.
On	Pp	ON
ne	Rp	NE
m'	Pp	JE
approche	Vvc	APPROCHER
point	Rg	POINT
,	Fw	,
puisque	Cs	PUISQUE
je	Pp	JE
suis	Vuc	ÊTRE
de	S	DE
flamme	Nc	FLAMME
,	Fw	,
Ou	Vvc	Ou
bien	Rg	BIEN
ne	Rp	NE
te	Pp	TU
plains	Vvc	PLAINDRE
plus	Rg	PLUS
,	Fw	,
si	Cs	SI
tu	Pp	TU
te	Pp	TU
sens	Vvc	SENTIR
brûler	Vvn	BRÛLER
.	Fs	.
Elle	Pp	IL
court	Vvc	COURIR
en	S	EN
pleurant	Ga	PLEURER
,	Fw	,
après	S	APRÈS
un	Dn	UN
insensible	Ag	INSENSIBLE
;	Fw	;
Arrête	Vvc	Arrête
ce	Dd	CE
ruisseau	Nc	RUISSEAU
,	Fw	,
qui	Pr	QUI
te	Pp	TU
fera	Vvc	FAIRE|FERRER
mourir	Vvn	MOURIR
.	Fs	.
Tu	Pp	TU
demandes	Vvc	DEMANDER
Berger	Vvn	Berger
,	Fw	,
une	Dn	UN
chose	Nc	CHOSE
impossible	Ag	IMPOSSIBLE
,	Fw	,
Où	Vvc	Où
vois	Vvc	ALLER|VOIR
-tu	Vvn	-tu
qu'	Cs	QUE
un	Dn	UN
ruisseau	Nc	RUISSEAU
,	Fw	,
puisse	Vvc	POUVOIR
être	Vun	ÊTRE
sans	S	SANS
courir	Vvn	COURIR
?	Fs	?
Ha	Rg	HA
cruel	Ag	CRUEL
Alcidon	Nc	Alcidon
,	Fw	,
tu	Pp	TU
vas	Vvc	ALLER
fuyant	Nc	FUYANT
infâme	Ag	INFÂME
;	Fw	;
Mais	Vvc	Mais
en	S	EN
vain	Ag	VAIN
,	Fw	,
je	Pp	JE
t'	Pp	TU
aurai	Vuc	AVOIR
d'	S	DE
un	Dn	UN
cours	Nc	COUR|COURS|COURT
précipité	Ge	PRÉCIPITER
.	Fs	.
Fâcheuse	Nc	Fâcheuse
,	Fw	,
tu	Pp	TU
dis	Vvc	DIRE
vrai	Ag	VRAI
,	Fw	,
car	Cc	CAR
étant	Ga	ÊTRE
une	Dn	UN
femme	Nc	FEMME
,	Fw	,
Rien	Vvc	Rien
ne	Rp	NE
peut	Vvc	POUVOIR
s'	Pp	SE
égaler	Vvn	ÉGALER
,	Fw	,
à	S	À
ta	Ds	TON
légèreté	Nc	LÉGÈRETÉ
.	Fs	.
Ha	Rg	HA
certes	Rg	CERTES
il	Pp	IL
faut	Vvc	FAILLIR|FALLOIR
avouer	Vvn	AVOUER
que	Cs	QUE
voilà	S	VOILÀ
réciter	Vvn	RÉCITER
de	S	DE
bonne	Ag	BON
grâce	Nc	GRÂCE
:	Fw	:
et	Cc	ET
qu'	Cs	QUE
en	S	EN
vous	Pp	VOUS
autres	Pi	AUTRE
,	Fw	,
j'	Pp	JE
ai	Vuc	AVOIR
trouvé	Ge	TROUVER
ce	Pd	CE
que	Pr	QUE
je	Pp	JE
cherchais	Vvc	CHERCHER
depuis	S	DEPUIS
si	Rg	SI
longtemps	Rg	LONGTEMPS
.	Fs	.
Non	Rg	NON
,	Fw	,
non	Rg	NON
,	Fw	,
je	Pp	JE
lève	Vvc	LEVER
le	Da	LE
masque	Nc	MASQUE
;	Fw	;
et	Cc	ET
je	Pp	JE
vous	Pp	VOUS
fais	Vvc	FAIRE
réparation	Nc	RÉPARATION
d'	S	DE
honneur	Nc	HONNEUR
pour	S	POUR
ce	Pd	CE
que	Pr	QUE
j'	Pp	JE
ai	Vuc	AVOIR
dit	Ge	DIRE
en	S	EN
soupant	Ga	SOUPER
:	Fw	:
encore	Rg	ENCORE
que	Cs	QUE
ma	Ds	MON
Satyre	Nc	SATYRE
ne	Rp	NE
s'	Pp	SE
adressât	Vvc	ADRESSER
point	Rg	POINT
à	S	À
la	Da	LE
profession	Nc	PROFESSION
,	Fw	,
mais	Cc	MAIS
seulement	Rg	SEULEMENT
à	S	À
ceux	Pd	CELUI
qui	Pr	QUI
s'	Pp	SE
en	Pp	EN
acquittent	Vvc	ACQUITTER
mal	Rg	MAL
.	Fs	.
Car	Cc	CAR
il	Pp	IL
faudrait	Vvc	FAILLIR|FALLOIR
être	Vun	ÊTRE
privé	Ge	PRIVER
de	S	DE
raison	Nc	RAISON
,	Fw	,
pour	S	POUR
mépriser	Vvn	MÉPRISER
une	Dn	UN
chose	Nc	CHOSE
tant	Rg	TANT
estimable	Ag	ESTIMABLE
:	Fw	:
la	Pp	IL
COMÉDIE	Vvc	COMÉDIE
,	Fw	,
qui	Pr	QUI
a	Vuc	AVOIR
été	Ge	ÊTRE
en	S	EN
vénération	Nc	VÉNÉRATION
dans	S	DANS
tous	Di	TOUT
les	Da	LE
siècles	Nc	SIÈCLE
,	Fw	,
ou	Cc	OU
les	Da	LE
sciences	Nc	SCIENCE
fleurissaient	Vvc	FLEURIR
!	Fs	!
La	Pp	IL
COMÉDIE	Vvc	COMÉDIE
[	Fw	[
fait	Vvc	FAIRE
]	Fw	]
le	Da	LE
divertissement	Nc	DIVERTISSEMENT
des	S+Da	DE+LE|DE+LES
Empereurs	Nc	EMPEREUR
et	Cc	ET
l'	Da	LE
entretien	Nc	ENTRETIEN
des	S+Da	DE+LE|DE+LES
bons	Ag	BON
esprits	Nc	ESPRIT|ESPRITS
:	Fw	:
le	Da	LE
TABLEAU	Nc	TABLEAU
des	S+Da	DE+LE|DE+LES
passions	Nc	PASSION
,	Fw	,
l'	Da	LE
image	Nc	IMAGE
de	S	DE
la	Da	LE
vie	Nc	VIE
humaine	Ag	HUMAIN
,	Fw	,
l'	Da	LE
Histoire	Nc	HISTOIRE
parlante	Ag	PARLANT
,	Fw	,
la	Da	LE
Philosophie	Nc	PHILOSOPHIE
visible	Ag	VISIBLE
,	Fw	,
le	Da	LE
fléau	Nc	FLÉAU
du	S+Da	DE+LE
vice	Nc	VICE
,	Fw	,
et	Cc	ET
le	Da	LE
trône	Nc	TRÔNE
de	S	DE
la	Da	LE
vertu	Nc	VERTU
.	Fs	.
Non	Rg	NON
,	Fw	,
non	Rg	NON
tant	Rg	TANT
s'	Cs	SI
en	Pp	EN
faut	Vvc	FAILLIR|FALLOIR
qu'	Cs	QUE
elle	Pp	IL
me	Pp	JE
soit	Vuc	ÊTRE
en	S	EN
horreur	Nc	HORREUR
,	Fw	,
que	Pr	QUE
voyant	Ga	VOIR
comme	Cs	COMME
elle	Pp	IL
en	Pp	EN
est	Vuc	ÊTRE
son	Ds	SON
lustre	Nc	LUSTRE
parmi	S	PARMI
vous	Pp	VOUS
,	Fw	,
je	Pp	JE
loue	Vvc	LOUER|LOVER
le	Da	LE
jugement	Nc	JUGEMENT
de	S	DE
mon	Ds	MON
neveu	Nc	NEVEU
,	Fw	,
de	S	DE
s'	Pp	SE
être	Vun	ÊTRE
mis	Ge	METTRE
en	S	EN
votre	Ds	VOTRE
Troupe	Nc	TROUPE
:	Fw	:
et	Cc	ET
pour	S	POUR
vous	Pp	VOUS
montrer	Vvn	MONTRER
que	Cs	QUE
j'	Pp	JE
ai	Vuc	AVOIR
ce	Pd	CE
que	Pr	QUE
je	Pp	JE
dis	Vvc	DIRE
,	Fw	,
aussi	Rg	AUSSI
bien	Rg	BIEN
dans	S	DANS
le	Da	LE
coeur	Nc	CUR
,	Fw	,
que	Cs	QUE
dans	S	DANS
la	Da	LE
bouche	Nc	BOUCHE
,	Fw	,
et	Cc	ET
que	Cs	QUE
bien	Rg	BIEN
,	Fw	,
loin	Rg	LOIN
de	S	DE
soupçonner	Vvn	SOUPÇONNER
votre	Ds	VOTRE
profession	Nc	PROFESSION
d'	S	DE
ignominie	Nc	IGNOMINIE
,	Fw	,
je	Pp	JE
la	Pp	IL
tiens	Vvc	TENIR
fort	Rg	FORT
glorieuse	Ag	GLORIEUX
;	Fw	;
je	Pp	JE
la	Pp	IL
veux	Vvc	VOULOIR
embrasser	Vvn	EMBRASSER
moi-même	Pp	LUI-MÊME
,	Fw	,
si	Cs	SI
vous	Pp	VOUS
me	Pp	JE
voulez	Vvc	VOULOIR
recevoir	Vvn	RECEVOIR
.	Fs	.
Monsieur	Nc	MONSIEUR
,	Fw	,
nous	Pp	NOUS
acceptons	Vvc	ACCEPTER
cet	Dd	CE
honneur	Nc	HONNEUR
avecques	Vvc	avecques
joie	Nc	JOIE
,	Fw	,
et	Cc	ET
nous	Pp	NOUS
en	Pp	EN
reconnaissons	Vvc	RECONNAÎTRE
indignes	Ag	INDIGNE
.	Fs	.
Mais	Cc	MAIS
n'	Rp	NE
avez	Vuc	AVOIR
vous	Pp	VOUS
point	Rg	POINT
de	S	DE
poème	Nc	POÈME
qui	Pr	QUI
n'	Rp	NE
aie	Vuc	AVOIR
déjà	Rg	DÉJÀ
été	Ge	ÊTRE
vu	Ge	VOIR
?	Fs	?
Oui	Rg	OUI
,	Fw	,
Monsieur	Nc	MONSIEUR
,	Fw	,
il	Pp	IL
nous	Pp	NOUS
reste	Vvc	RESTER
une	Dn	UN
TRAGI-COMÉDIE	Nc	TRAGI-COMÉDIE
PASTORALE	Ag	PASTORAL
,	Fw	,
intitulée	Ge	INTITULER
,	Fw	,
L'	Vvc	L'
AMOUR	Nc	AMOUR
CACHÉ	Vvc	CACHÉ
PAR	Nc	PAR
L'	Vvc	L'
AMOUR	Nc	AMOUR
.	Fs	.
Elle	Pp	IL
est	Vuc	ÊTRE
de	S	DE
ma	Ds	MON
connaissance	Nc	CONNAISSANCE
,	Fw	,
et	Cc	ET
de	S	DE
la	Da	LE
composition	Nc	COMPOSITION
de	S	DE
celui	Pd	CELUI
dont	Pr	DONT
nous	Pp	NOUS
avons	Vuc	AVOIR
parlé	Ge	PARLER
,	Fw	,
il	Pp	IL
m'	Pp	JE
a	Vuc	AVOIR
fait	Ge	FAIRE
la	Da	LE
faveur	Nc	FAVEUR
de	S	DE
me	Pp	JE
la	Pp	IL
donner	Vvn	DONNER
écrite	Ge	ÉCRIRE
de	S	DE
sa	Ds	SON
main	Nc	MAIN
.	Fs	.
C'	Pd	CE
est	Vuc	ÊTRE
un	Dn	UN
poème	Nc	POÈME
à	S	À
l'	Da	LE
Espagnole	Nc	ESPAGNOL
,	Fw	,
de	S	DE
trois	Nc	TROIS
actes	Vvc	ACTER
;	Fw	;
mis	Ge	METTRE
par	S	PAR
lui	Pp	IL
dans	S	DANS
la	Da	LE
règle	Nc	RÈGLE
des	S+Da	DE+LE|DE+LES
vingt	Nc	VINGT
et	Cc	ET
quatre	Nc	QUATRE
heures	Nc	HEURE|HURE
.	Fs	.
Et	Cc	ET
comme	Cs	COMME
je	Pp	JE
vous	Pp	VOUS
ai	Vuc	AVOIR
dit	Ge	DIRE
,	Fw	,
que	Cs	QUE
je	Pp	JE
chéris	Vvc	CHÉRIR
tout	Pi	TOUT
ce	Pd	CE
qui	Pr	QUI
vient	Vvc	VENIR
de	S	DE
cet	Dd	CE
auteur	Nc	AUTEUR
,	Fw	,
peu	Rg	PEU
s'	Cs	SI
en	Pp	EN
faut	Vvc	FAILLIR|FALLOIR
,	Fw	,
que	Cs	QUE
je	Pp	JE
ne	Rp	NE
le	Pp	IL
sache	Vvc	SAVOIR
entier	Ag	ENTIER
,	Fw	,
de	S	DE
sorte	Nc	SORTE
,	Fw	,
que	Cs	QUE
si	Cs	SI
vous	Pp	VOUS
trouvez	Vvc	TROUVER
bon	Ag	BON
,	Fw	,
j'	Pp	JE
en	Pp	EN
jouerai	Vvc	JOUER
demain	Rg	DEMAIN
un	Dn	UN
rôle	Nc	RÔLE
,	Fw	,
pour	S	POUR
faire	Vvn	FAIRE
mon	Ds	MON
coup	Nc	COUP
d'	S	DE
essai	Nc	ESSAI
.	Fs	.
C'	Pd	CE
est	Vuc	ÊTRE
à	S	À
vous	Pp	VOUS
d'	S	DE
ordonner	Vvn	ORDONNER
tout	Pi	TOUT
ce	Pd	CE
qui	Pr	QUI
vous	Pp	VOUS
plaira	Vvc	PLAIRE
dans	S	DANS
la	Da	LE
Troupe	Nc	TROUPE
:	Fw	:
mais	Cc	MAIS
craignant	Ga	CRAINDRE
de	S	DE
vous	Pp	VOUS
apporter	Vvn	APPORTER
de	S	DE
l'	Da	LE
importunité	Nc	IMPORTUNITÉ
,	Fw	,
nous	Pp	NOUS
allons	Vvc	ALLER
vous	Pp	VOUS
donner	Vvn	DONNER
le	Da	LE
bonsoir	Nc	BONSOIR
.	Fs	.
Je	Pp	JE
ne	Rp	NE
vous	Pp	VOUS
prie	Vvc	PRIER
point	Rg	POINT
de	S	DE
coucher	Vvn	COUCHER
ici	Rg	ICI
,	Fw	,
parce	Vvc	parce
que	Cs	QUE
vous	Pp	VOUS
serez	Vuc	ÊTRE
plus	Rg	PLUS
commodément	Rg	COMMODÉMENT
chez	S	CHEZ
vous	Pp	VOUS
:	Fw	:
mais	Cc	MAIS
pour	S	POUR
ces	Dd	CE
Demoiselles	Nc	DEMOISELLE
,	Fw	,
à	S	À
qui	Pr	QUI
le	Da	LE
serein	Nc	SEREIN
pourrait	Vvc	POUVOIR
faire	Vvn	FAIRE
mal	Rg	MAL
en	S	EN
s'	Pp	SE
en	S	EN
allant	Ga	ALLER
,	Fw	,
je	Pp	JE
leur	Pp	LEUR
offre	Vvc	OFFRIR
,	Fw	,
et	Cc	ET
ma	Ds	MON
chambre	Nc	CHAMBRE
,	Fw	,
et	Cc	ET
mon	Ds	MON
lit	Nc	LIT
s'	Cs	SI
il	Pp	IL
leur	Pp	LEUR
agrée	Vvc	AGRÉER
.	Fs	.
Sans	S	SANS
accepter	Vvn	ACCEPTER
cette	Dd	CE
courtoisie	Nc	COURTOISIE
,	Fw	,
nous	Pp	NOUS
vous	Pp	VOUS
en	Pp	EN
restons	Vvc	RESTER
obligées	Ge	OBLIGER
,	Fw	,
nous	Pp	NOUS
doutant	Ga	DOUTER
bien	Rg	BIEN
,	Fw	,
que	Cs	QUE
nos	Ds	NOTRE
maris	Nc	MARI
s'	Pp	SE
y	Pp	Y
opposeraient	Vvc	OPPOSER
.	Fs	.
Adieu	Nc	ADIEU
Mesdames	Vvc	Mesdames
,	Fw	,
bonsoir	I	BONSOIR
Messieurs	Nc	MONSIEUR
.	Fs	.
Monsieur	Nc	MONSIEUR
nous	Pp	NOUS
sommes	Vuc	ÊTRE
vos	Ds	VOTRE
très-humbles	Nc	très-humbles
serviteurs	Nc	SERVITEUR
.	Fs	.
