Faret	Nc	Faret
,	Fw	,
qui	Pr	QUI
ne	Rp	NE
rirait	Vvc	RALLER|RIRE
de	S	DE
notre	Ds	NOTRE
Académie	Nc	Académie
?	Fs	?
A-t	Ag	A-t
-on	Nc	-on
vu	Ge	VOIR
de	S	DE
nos	Ds	NOTRE
jours	Nc	JOUR|JOURS
une	Dn	UN
telle	Ag	TEL
infamie	Nc	INFAMIE
?	Fs	?
Passer	Vvn	PASSER
huit	Nc	HUIT
à	S	À
dix	Nc	DIX
ans	Nc	AN
à	S	À
reformer	Vvn	REFORMER|RÉFORMER
six	Nc	SIX
mots	Nc	MOT|MOTS
!	Fs	!
Pardieu	Nc	Pardieu
,	Fw	,
mon	Ds	MON
cher	Ag	CHER
Faret	Nc	Faret
,	Fw	,
nous	Pp	NOUS
sommes	Vuc	ÊTRE
de	Dn	UN
grands	Ag	GRAND
sots	Nc	SOT
!	Fs	!
Tant	Rg	TANT
sots	Ag	SOT
qu'	Cs	QUE
il	Pp	IL
vous	Pp	VOUS
plaira	Vvc	PLAIRE
:	Fw	:
mais	Cc	MAIS
les	Da	LE
premiers	Nc	PREMIER
de	S	DE
France	Nc	France
Sont	Vvc	Sont
les	Da	LE
admirateurs	Nc	ADMIRATEUR
de	S	DE
notre	Ds	NOTRE
suffisance	Nc	SUFFISANCE
.	Fs	.
Quoi	Pt	QUE|QUOI
!	Fs	!
Trouvez	Vvc	TROUVER
-vous	Nc	-vous
mauvais	Ag	MAUVAIS
que	Pr	QUE
de	S	DE
pauvres	Nc	PAUVRE
auteurs	Nc	AUTEUR
Devant	Ga	DEVOIR
les	Da	LE
ignorants	Nc	IGNORANT
s'	Pp	SE
érigent	Vvc	ÉRIGER
en	S	EN
docteurs	Nc	DOCTEUR
?	Fs	?
S'	Pp	SE
ils	Pp	ILS
peuvent	Vvc	POUVOIR
se	Pp	IL
donner	Vvn	DONNER
du	S+Da	DE+LE
crédit	Nc	CRÉDIT
,	Fw	,
de	S	DE
l'	Da	LE
estime	Nc	ESTIME
,	Fw	,
L'	Vvc	L'
erreur	Nc	ERREUR
des	S+Da	DE+LE|DE+LES
abusés	Ge	ABUSER
n'	Rp	NE
est	Vuc	ÊTRE
pas	Rg	PAS
pour	S	POUR
eux	Pp	EUX
un	Dn	UN
crime	Nc	CRIME
.	Fs	.
Après	Vvc	Après
tout	Pi	TOUT
,	Fw	,
où	Pr	OÙ
trouver	Vvn	TROUVER
de	S	DE
ces	Dd	CE
rares	Ag	RARE
savants	Ag	SAVANT
,	Fw	,
Dont	Vvc	Dont
le	Da	LE
nom	Nc	NOM
immortel	Ag	IMMORTEL
percera	Vvc	PERCER
tous	Di	TOUT
les	Da	LE
ans	Nc	AN
?	Fs	?
Si	Rg	SI
pour	S	POUR
l'	Da	LE
Académie	Nc	Académie
il	Pp	IL
faut	Vvc	FAILLIR|FALLOIR
tant	Rg	TANT
de	S	DE
science	Nc	SCIENCE
,	Fw	,
Vous	Nc	Vous
et	Cc	ET
moi	Pp	JE
pourrions	Vvc	POUVOIR
bien	Rg	BIEN
ailleurs	Rg	AILLEURS
prendre	Vvn	PRENDRE
séance	Nc	SÉANCE
.	Fs	.
Oui	Rg	OUI
,	Fw	,
mais	Cc	MAIS
je	Pp	JE
n'	Rp	NE
aime	Vvc	AIMER
que	Cs	QUE
monsieur	Nc	MONSIEUR
de	S	DE
Godeau	Nc	Godeau
,	Fw	,
Excepté	Vvc	Excepté
ce	Pd	CE
qu'	Pr	QUE
il	Pp	IL
fait	Vvc	FAIRE
,	Fw	,
ne	Rp	NE
trouve	Vvc	TROUVER
rien	Pi	RIEN
de	S	DE
beau	Ag	BEAU
;	Fw	;
Qu'	Vvc	Qu'
un	Dn	UN
fat	Nc	FAT
de	S	DE
chapelain	Nc	CHAPELAIN
aille	Vvc	AILLER|ALLER
en	S	EN
chaque	Di	CHAQUE
ruelle	Nc	RUELLE
,	Fw	,
D'	Nc	D'
un	Dn	UN
ridicule	Nc	RIDICULE
ton	Ds	TON
réciter	Nc	RÉCITER
sa	Ds	SON
PUCELLE	Nc	PUCEAU
;	Fw	;
Ou	Vvc	Ou
,	Fw	,
que	Cs	QUE
dur	Ag	DUR
et	Cc	ET
contraint	Ge	CONTRAINDRE
en	S	EN
ses	Ds	SON
vers	Nc	VER|VERS|VERT
amoureux	Ag	AMOUREUX
,	Fw	,
Il	Vvc	Il
fasse	Vvc	FAIRE
un	Dn	UN
sot	Ag	SOT
portrait	Nc	PORTRAIT
de	S	DE
l'	Da	LE
objet	Nc	OBJET
des	S+Da	DE+LE|DE+LES
ses	Ds	SON
voeux	Nc	VU
;	Fw	;
Que	Vvc	Que
son	Ds	SON
esprit	Nc	ESPRIT
stérile	Ag	STÉRILE
et	Cc	ET
sa	Ds	SON
veine	Nc	VEINE
forcée	Ge	FORCER
Produisent	Vvc	PRODUIRE
de	S	DE
grands	Ag	GRAND
mots	Nc	MOT|MOTS
qui	Pr	QUI
n'	Rp	NE
ont	Vuc	AVOIR
sens	Nc	SENS
ni	Cc	NI
pensée	Nc	PENSÉE
.	Fs	.
Je	Pp	JE
voudrais	Vvc	VOULOIR
que	Cs	QUE
Gombaud	Nc	Gombaud
,	Fw	,
L'	Vvc	L'
Estoile	Nc	ÉTOILE|ÉTOILÉ
et	Cc	ET
Colletet	Nc	Colletet
,	Fw	,
En	Vvc	En
prose	Nc	PROSE
comme	Cs	COMME
en	S	EN
vers	Nc	VER|VERS|VERT
eussent	Vuc	AVOIR
un	Dn	UN
peu	Rg	PEU
mieux	Rg	MIEUX
fait	Ge	FAIRE
;	Fw	;
Que	Vvc	Que
des	Dn	UN
""""	Fw	""""
Amis	Nc	AMI
rivaux	Ag	RIVAL
""""	Fw	""""
BoisRobert	Nc	BoisRobert
ayant	Ga	AVOIR
honte	Nc	HONTE
,	Fw	,
Revint	Vvc	REVENIR
à	S	À
son	Ds	SON
talent	Nc	TALENT
de	S	DE
faire	Vvn	FAIRE
bien	Rg	BIEN
un	Dn	UN
conte	Nc	CONTE|CONTÉ
.	Fs	.
Enfin	Rg	ENFIN
...	Fs	...
Vous	Nc	Vous
avez	Vuc	AVOIR
tort	Nc	TORT
de	S	DE
mépriser	Vvn	MÉPRISER
Godeau	Nc	Godeau
;	Fw	;
Il	Vvc	Il
a	S	À
l'	Da	LE
esprit	Nc	ESPRIT
fertile	Ag	FERTILE
,	Fw	,
et	Cc	ET
le	Da	LE
tour	Nc	TOUR
assez	Rg	ASSEZ
beau	Ag	BEAU
:	Fw	:
Tout	Di	TOUT
le	Da	LE
défaut	Nc	DÉFAUT
qu'	Pr	QUE
il	Pp	IL
a	Vuc	AVOIR
,	Fw	,
soit	Vuc	ÊTRE
en	S	EN
vers	Nc	VER|VERS|VERT
,	Fw	,
soit	Vuc	ÊTRE
en	S	EN
prose	Nc	PROSE
,	Fw	,
C'	Vvc	C'
est	Vuc	ÊTRE
qu'	Rg	QUE
en	S	EN
trop	Rg	TROP
de	S	DE
façons	Nc	FAÇON
il	Pp	IL
dit	Vvc	DIRE
la	Da	LE
même	Ag	MÊME
chose	Nc	CHOSE
.	Fs	.
L'	Pp	IL
Estoile	Vvc	ÉTOILER
fait	Ge	FAIRE
des	S+Da	DE+LE|DE+LES
vers	Nc	VER|VERS|VERT
avec	S	AVEC
le	Da	LE
Cardinal	Nc	CARDINAL
:	Fw	:
Colletet	Nc	Colletet
est	Vuc	ÊTRE
bon	Ag	BON
homme	Nc	HOMME
,	Fw	,
et	Cc	ET
n'	Rp	NE
écrit	Vvc	ÉCRIRE
pas	Rg	PAS
trop	Rg	TROP
mal	Rg	MAL
;	Fw	;
Bois-Robert	Nc	Bois-Robert
est	Vuc	ÊTRE
plaisant	Ga	PLAIRE
autant	Rg	AUTANT
qu'	Cs	QUE
on	Pp	ON
saurait	Vvc	SAURER|SAVOIR
l'	Pp	IL
être	Vun	ÊTRE
;	Fw	;
Il	Vvc	Il
s'	Pp	SE
est	Vuc	ÊTRE
assez	Rg	ASSEZ
bien	Rg	BIEN
mis	Ge	METTRE
dans	S	DANS
l'	Da	LE
esprit	Nc	ESPRIT
de	S	DE
son	Ds	SON
maître	Nc	MAÎTRE
;	Fw	;
À	Nc	À
tous	Di	TOUT
ses	Ds	SON
madrigaux	Nc	MADRIGAL
il	Pp	IL
donne	Vvc	DONNER
un	Dn	UN
joli	Ag	JOLI
tour	Nc	TOUR
,	Fw	,
Et	Vvc	Et
feraient	Vvc	FAIRE|FERRER
des	Dn	UN
leçons	Nc	LEÇON
aux	S+Da	À+LES
Grecs	Nc	GREC
de	S	DE
leur	Ds	LEUR
amour	Nc	AMOUR
.	Fs	.
Baudoin	Nc	Baudoin
fait	Ge	FAIRE
des	S+Da	DE+LE|DE+LES
vers	Nc	VER|VERS|VERT
au-dessous	Rg	AU-DESSOUS
des	Dn	UN
images	Nc	IMAGE
,	Fw	,
Mais	Vvc	Mais
""""	Fw	""""
Davila	Vvc	Davila
""""	Fw	""""
traduit	Vvc	TRADUIRE
est	Vuc	ÊTRE
un	Pi	UN
de	S	DE
ses	Ds	SON
ouvrages	Nc	OUVRAGE
.	Fs	.
Gombault	Nc	Gombault
,	Fw	,
pour	S	POUR
un	Dn	UN
châtré	Ge	CHÂTRER
,	Fw	,
ne	Rp	NE
manque	Vvc	MANQUER
pas	Rg	PAS
de	S	DE
feu	Nc	FEU
...	Fs	...
J'	Vvc	J'
entends	Vvc	ENTENDRE
quelqu'un	Pi	QUELQU'UN
qui	Pr	QUI
monte	Vvc	MONTER
;	Fw	;
arrêtons	Vvc	ARRÊTER
nous	Pp	NOUS
un	Dn	UN
peu	Rg	PEU
:	Fw	:
Je	Pp	JE
commence	Vvc	COMMENCER
à	S	À
le	Pp	IL
voir	Vvn	VOIR
;	Fw	;
c'	Pd	CE
est	Vuc	ÊTRE
l'	Da	LE
Évêque	Nc	Évêque
de	S	DE
Grasse	Vvc	Grasse
.	Fs	.
Il	Pp	IL
faut	Vvc	FAILLIR|FALLOIR
se	Pp	IL
retirer	Vvn	RETIRER
,	Fw	,
et	Cc	ET
lui	Pp	IL
quitter	Vvn	QUITTER
la	Da	LE
place	Nc	PLACE|PLACÉ
:	Fw	:
Nous	Pp	NOUS
reviendrons	Vvc	REVENIR
tantôt	Rg	TANTÔT
.	Fs	.
Allons	Vvc	ALLER
,	Fw	,
mon	Ds	MON
cher	Ag	CHER
Faret	Nc	Faret
,	Fw	,
Trouver	Nc	TROUVER
,	Fw	,
proche	Ag	PROCHE
d'	S	DE
ici	Rg	ICI
,	Fw	,
quelque	Di	QUELQUE
bn	Ag	bn
cabaret	Nc	CABARET
.	Fs	.
Et	Cc	ET
quoi	Pt	QUE|QUOI
!	Fs	!
Chers	Ag	CHER
nourrissons	Nc	NOURRISSON
des	S+Da	DE+LE|DE+LES
filles	Nc	FILLE
de	S	DE
Mémoire	Nc	Mémoire
,	Fw	,
Qui	Vvc	Qui
sur	S	SUR
les	Da	LE
temps	Nc	TEMPS
futurs	Ag	FUTUR
obtiendrez	Vvc	OBTENIR
la	Da	LE
victoire	Nc	VICTOIRE
;	Fw	;
Beau	Nc	BEAU
mignons	Nc	MIGNON
de	S	DE
Pallas	Vvc	Pallas
,	Fw	,
vrais	Ag	VRAI
favoris	Nc	FAVORI|FAVORIS
des	S+Da	DE+LE|DE+LES
Dieux	Nc	DIEU|DIEUX
;	Fw	;
Vous	Nc	Vous
n'	Rp	NE
êtes	Vuc	ÊTRE
pas	Rg	PAS
encore	Rg	ENCORE
arrivés	Ge	ARRIVER
en	S	EN
ces	Dd	CE
lieux	Nc	LIEU|LIEUX
!	Fs	!
Seriez	Vuc	ÊTRE
-vous	Ge	-vous
bien	Rg	BIEN
si	Rg	SI
tard	Rg	TARD
assis	Ge	ASSEOIR
encore	Rg	ENCORE
à	S	À
table	Nc	TABLE
?	Fs	?
Non	Rg	NON
,	Fw	,
les	Da	LE
plus	Rg	PLUS
grands	Ag	GRAND
festins	Nc	FESTIN
n'	Rp	NE
ont	Vuc	AVOIR
pour	S	POUR
vous	Pp	VOUS
rien	Pi	RIEN
d'	S	DE
aimable	Ag	AIMABLE
...	Fs	...
Mais	Vvc	Mais
voici	S	VOICI
Colletet	Nc	Colletet
qui	Pr	QUI
hâte	Vvc	HÂTER
un	Dn	UN
peu	Rg	PEU
le	Da	LE
pas	Nc	PAS
;	Fw	;
Je	Vvc	Je
l'	Pp	IL
ai	Vuc	AVOIR
toujours	Rg	TOUJOURS
connu	Ge	CONNAÎTRE
sobre	Ag	SOBRE
dans	S	DANS
ses	Ds	SON
repas	Nc	REPAS
.	Fs	.
Bonjour	I	BONJOUR
,	Fw	,
cher	Ag	CHER
Colletet	Nc	Colletet
.	Fs	.
Grand	Ag	GRAND
Évêque	Nc	Évêque
de	S	DE
Grasse	Vvc	Grasse
,	Fw	,
Dites	Vvc	DIRE
-moi	Vvc	-moi
,	Fw	,
s'	Cs	SI
il	Pp	IL
vous	Pp	VOUS
plaît	Vvc	PLAIRE
,	Fw	,
comme	Cs	COMME
il	Pp	IL
faut	Vvc	FAILLIR|FALLOIR
que	Cs	QUE
je	Pp	JE
fasse	Vvc	FAIRE
.	Fs	.
Ne	Rp	NE
dois	Vvc	DEVOIR
-je	Vvn	-je
pas	Rg	PAS
baiser	Vvn	BAISER
votre	Ds	VOTRE
sacré	Nc	SACRÉ
talon	Nc	TALON
?	Fs	?
Nous	Pp	NOUS
sommes	Vuc	ÊTRE
tous	Di	TOUT
égaux	Nc	ÉGAL
,	Fw	,
étant	Ga	ÊTRE
fils	Nc	FIL|FILS
d'	S	DE
Apollon	Nc	APOLLON
.	Fs	.
Levez	Vvc	LEVER
-vous	Ag	-vous
Colletet	Nc	Colletet
.	Fs	.
Votre	Ds	VOTRE
magnificence	Nc	MAGNIFICENCE
Me	Ag	Me
permet	Vvc	PERMETTRE
,	Fw	,
Monseigneur	Nc	MONSEIGNEUR
,	Fw	,
une	Dn	UN
telle	Ag	TEL
licence	Nc	LICENCE
.	Fs	.
Rien	Pi	RIEN
de	S	DE
saurait	Vvc	SAURER|SAVOIR
changer	Vvn	CHANGER
le	Da	LE
commerce	Nc	COMMERCE
entre	S	ENTRE
nous	Pp	NOUS
:	Fw	:
Je	Pp	JE
suis	Vuc	ÊTRE
évêque	Nc	ÉVÊQUE
ailleurs	Rg	AILLEURS
,	Fw	,
ici	Rg	ICI
Godeau	Nc	Godeau
pour	S	POUR
vous	Pp	VOUS
.	Fs	.
Très	Vvc	Très
révérend	Nc	RÉVÉREND
Seigneur	Ag	Seigneur
,	Fw	,
je	Pp	JE
vais	Vvc	ALLER
donc	Rg	DONC
vous	Pp	VOUS
complaire	Vvn	COMPLAIRE
.	Fs	.
Attendant	Ga	ATTENDRE
nos	Ds	NOTRE
Messieurs	Nc	MONSIEUR
,	Fw	,
que	Cs	QUE
nous	Pp	NOUS
faudra-t-il	Vvc	faudra-t-il
faire	Vvn	FAIRE
?	Fs	?
Je	Pp	JE
suis	Vuc	ÊTRE
prêt	Ag	PRÊT
à	S	À
obéir	Vvn	OBÉIR
à	S	À
votre	Ds	VOTRE
volonté	Nc	VOLONTÉ
.	Fs	.
Parlons	Vvc	PARLER
comme	S	COMME
autrefois	Rg	AUTREFOIS
,	Fw	,
avecque	Vvc	avecque
liberté	Nc	LIBERTÉ
.	Fs	.
Vous	Pp	VOUS
savez	Vvc	SAVOIR
,	Fw	,
Colletet	Nc	Colletet
,	Fw	,
à	S	À
quel	Dt	QUEL
point	Nc	POINT
je	Pp	JE
vous	Pp	VOUS
aime	Vvc	AIMER
.	Fs	.
Seigneur	Nc	SEIGNEUR
,	Fw	,
votre	Ds	VOTRE
amitié	Nc	AMITIÉ
m'	Pp	JE
est	Vuc	ÊTRE
un	Dn	UN
honneur	Nc	HONNEUR
extrême	Ag	EXTRÊME
.	Fs	.
Oh	I	OH
bien	Rg	BIEN
,	Fw	,
seul	Ag	SEUL
avec	S	AVEC
vous	Pp	VOUS
ainsi	Rg	AINSI
que	Cs	QUE
je	Pp	JE
me	Pp	JE
vois	Vvc	ALLER|VOIR
,	Fw	,
Je	Vvc	Je
vais	Vvc	ALLER
prendre	Vvn	PRENDRE
le	Da	LE
temps	Nc	TEMPS
de	S	DE
vous	Pp	VOUS
parler	Vvn	PARLER
de	S	DE
moi	Pp	JE
.	Fs	.
Avez	Vuc	AVOIR
-vous	Nc	-vous
vu	Ge	VOIR
mes	Ds	MON
vers	Nc	VER|VERS|VERT
?	Fs	?
Vos	Ds	VOTRE
vers	Nc	VER|VERS|VERT
!	Fs	!
Je	Pp	JE
les	Pp	ILS
adore	Vvc	ADORER
.	Fs	.
Je	Pp	JE
les	Pp	ILS
ai	Vuc	AVOIR
lus	Ge	LIRE
cent	Nc	CENT
fois	Nc	FOI|FOIS
,	Fw	,
et	Cc	ET
je	Pp	JE
les	Pp	ILS
lis	Vvc	LIRE
encore	Rg	ENCORE
;	Fw	;
Tout	Vvc	Tout
en	Pp	EN
est	Vuc	ÊTRE
excellent	Ag	EXCELLENT
,	Fw	,
tout	Pi	TOUT
est	Vuc	ÊTRE
beau	Ag	BEAU
,	Fw	,
tout	Pi	TOUT
est	Vuc	ÊTRE
net	Ag	NET
,	Fw	,
Exact	Ag	EXACT
et	Cc	ET
régulier	Ag	RÉGULIER
,	Fw	,
châtié	Ge	CHÂTIER
tout-à-fait	Nc	tout-à-fait
.	Fs	.
Manquai	Vvc	MANQUER
-je	Nc	-je
en	S	EN
quelque	Di	QUELQUE
endroit	Nc	ENDROIT
à	S	À
garder	Vvn	GARDER
la	Da	LE
césure	Nc	CÉSURE
?	Fs	?
Y	Pp	Y
peut	Vvc	POUVOIR
-on	Nc	-on
remarquer	Vvn	REMARQUER
une	Dn	UN
seule	Ag	SEUL
hiature	Nc	hiature
?	Fs	?
Suis	Vuc	ÊTRE
-je	Ge	-je
par	S	PAR
scrupuleux	Ag	SCRUPULEUX
à	S	À
choisir	Vvn	CHOISIR
les	Da	LE
mots	Nc	MOT|MOTS
?	Fs	?
Ne	Rp	NE
fais	Vvc	FAIRE
-je	Vvn	-je
pas	Rg	PAS
parler	Vvn	PARLER
chacun	Pi	CHACUN
fort	Rg	FORT
à	S	À
propos	Nc	PROPOS
?	Fs	?
Le	Da	LE
decorum	Nc	DÉCORUM
latin	Ag	LATIN
,	Fw	,
en	S	EN
français	Ag	FRANÇAIS
bienséance	Nc	BIENSÉANCE
,	Fw	,
N'	Vvc	N'
est	Vuc	ÊTRE
si	Rg	SI
bien	Rg	BIEN
observé	Ge	OBSERVER
nulle	Di	NUL
part	Nc	PART
,	Fw	,
que	Cs	QUE
je	Pp	JE
pense	Vvc	PENSER
.	Fs	.
Colletet	Nc	Colletet
,	Fw	,
je	Pp	JE
me	Pp	JE
loue	Vvc	LOUER|LOVER
,	Fw	,
il	Pp	IL
le	Pp	IL
faut	Vvc	FAILLIR|FALLOIR
avouer	Vvn	AVOUER
;	Fw	;
Mais	Vvc	Mais
c'	Pd	CE
est	Vuc	ÊTRE
fort	Rg	FORT
justement	Rg	JUSTEMENT
que	Cs	QUE
je	Pp	JE
me	Pp	JE
puis	Vvc	POUVOIR
louer	Vvn	LOUER|LOVER
.	Fs	.
Vous	Pp	VOUS
êtes	Vuc	ÊTRE
de	S	DE
ceux	Pd	CELUI
-là	Vvc	-là
qui	Pr	QUI
peuvent	Vvc	POUVOIR
dans	S	DANS
la	Da	LE
vie	Nc	VIE
Mépriser	Vvn	Mépriser
tous	Di	TOUT
les	Da	LE
traits	Nc	TRAIT|TRAITS
de	S	DE
la	Da	LE
plus	Rg	PLUS
noire	Ag	NOIR
envie	Nc	ENVIE
:	Fw	:
Vous	Pp	VOUS
n'	Rp	NE
aviez	Vuc	AVOIR
pars	Nc	PAR|PART
besoin	Nc	BESOIN
de	S	DE
votre	Ds	VOTRE
dignité	Nc	DIGNITÉ
,	Fw	,
Pour	Nc	POUR
vous	Pp	VOUS
mettre	Vvn	METTRE
à	S	À
couvert	Ge	COUVRIR
de	S	DE
la	Da	LE
malignité	Nc	MALIGNITÉ
.	Fs	.
On	Pp	ON
se	Pp	IL
flatte	Vvc	FLATTER
souvent	Rg	SOUVENT
:	Fw	:
mais	Cc	MAIS
,	Fw	,
si	Cs	SI
je	Pp	JE
ne	Rp	NE
m'	Pp	JE
abuse	Vvc	ABUSER
,	Fw	,
S'	Vvc	S'
attaquer	Vvn	ATTAQUER
à	S	À
Godeau	Nc	Godeau
,	Fw	,
c'	Pd	CE
est	Vuc	ÊTRE
se	Pp	IL
prendre	Vvn	PRENDRE
à	S	À
la	Da	LE
Muse	Nc	MUSE
:	Fw	:
Et	Cc	ET
le	Da	LE
plus	Rg	PLUS
envieux	Nc	ENVIEUX
se	Pp	IL
verrait	Vvc	VOIR
transporté	Ge	TRANSPORTER
,	Fw	,
S'	Vvc	S'
il	Pp	IL
lisait	Vvc	LIRE
une	Dn	UN
fois	Nc	FOI|FOIS
mon	Ds	MON
""""	Fw	""""
Benedicite	Nc	BÉNÉDICITÉ
""""	Fw	""""
Ô	Nc	Ô
l'	Da	LE
excellent	Ag	EXCELLENT
ouvrage	Nc	OUVRAGE
!	Fs	!
Ô	Vvc	Ô
la	Da	LE
pièce	Nc	PIÈCE
admirable	Ag	ADMIRABLE
!	Fs	!
Chef	Nc	CHEF
d'oeuvre	Nc	d'oeuvre
précieux	Ag	PRÉCIEUX
!	Fs	!
Merveille	Nc	MERVEILLE
incomparable	Ag	INCOMPARABLE
.	Fs	.
Que	Pt	QUE
ne	Rp	NE
peut	Vvc	POUVOIR
-on	Nc	-on
désirer	Vvn	DÉSIRER
après	S	APRÈS
un	Dn	UN
tel	Ag	TEL
effort	Nc	EFFORT
?	Fs	?
Qui	Pt	QUI
n'	Rp	NE
en	Pp	EN
sera	Vuc	ÊTRE
content	Ag	CONTENT
,	Fw	,
aura	Vuc	AVOIR
,	Fw	,
ma	Ds	MON
foi	Nc	FOI
,	Fw	,
grand	Ag	GRAND
tort	Nc	TORT
.	Fs	.
Mais	Cc	MAIS
,	Fw	,
sans	S	SANS
parler	Vvn	PARLER
de	S	DE
moi	Pp	JE
trop	Rg	TROP
à	S	À
son	Ds	SON
avantage	Nc	AVANTAGE
,	Fw	,
Suis	Vvc	SUIVRE
-je	Vvn	-je
pas	Rg	PAS
,	Fw	,
Monseigneur	Nc	MONSEIGNEUR
,	Fw	,
assez	Rg	ASSEZ
grand	Ag	GRAND
personnage	Nc	PERSONNAGE
?	Fs	?
Colletet	Nc	Colletet
,	Fw	,
mon	Ds	MON
ami	Nc	AMI
,	Fw	,
vous	Pp	VOUS
ne	Rp	NE
fait	Vvc	FAIRE
pas	Rg	PAS
mal	Rg	MAL
.	Fs	.
Moi	Pp	JE
,	Fw	,
je	Pp	JE
prétends	Vvc	PRÉTENDRE
traiter	Vvn	TRAITER
tout	Di	TOUT
le	Da	LE
monde	Nc	MONDE
d'	S	DE
égal	Nc	ÉGAL
,	Fw	,
En	Vvc	En
matière	Nc	MATIÈRE
d'	S	DE
écrits	Nc	ÉCRIT
:	Fw	:
le	Da	LE
bien	Nc	BIEN
est	Vuc	ÊTRE
autre	Ag	AUTRE
choses	Nc	CHOSE
;	Fw	;
De	Vvc	De
richesse	Nc	RICHESSE
et	Cc	ET
de	S	DE
rang	Nc	RANG
la	Da	LE
fortune	Nc	FORTUNE
dispose	Vvc	DISPOSER
.	Fs	.
Que	Pt	QUE
pourriez	Vvc	POUVOIR
-vous	Nc	-vous
encore	Rg	ENCORE
reprendre	Vvn	REPRENDRE
dans	S	DANS
mes	Ds	MON
vers	Nc	VER|VERS|VERT
?	Fs	?
Colletet	Nc	Colletet
,	Fw	,
vos	Ds	VOTRE
discours	Nc	DISCOURS
sont	Vuc	ÊTRE
obscurs	Ag	OBSCUR
et	Cc	ET
couverts	Ge	COUVRIR
.	Fs	.
Il	Pp	IL
est	Vuc	ÊTRE
certain	Ag	CERTAIN
que	Cs	QUE
j'	Pp	JE
ai	Vuc	AVOIR
le	Da	LE
style	Nc	STYLE
magnifique	Ag	MAGNIFIQUE
.	Fs	.
Colletet	Nc	Colletet
parle	Vvc	PARLER
mieux	Rg	MIEUX
qu'	Cs	QUE
un	Dn	UN
homme	Nc	HOMME
de	S	DE
boutique	Nc	BOUTIQUE
.	Fs	.
Ah	I	AH
!	Fs	!
Le	Da	LE
respect	Nc	RESPECT
m'	Pp	JE
échappe	Vvc	ÉCHAPPER
.	Fs	.
Et	Cc	ET
mieux	Rg	MIEUX
que	Cs	QUE
vous	Pp	VOUS
ainsi	Rg	AINSI
.	Fs	.
Parlez	Vvc	PARLER
bas	Rg	BAS
,	Fw	,
Colletet	Nc	Colletet
,	Fw	,
quand	Cs	QUAND
vous	Pp	VOUS
parlez	Vvc	PARLER
ainsi	Rg	AINSI
.	Fs	.
C'	Pd	CE
est	Vuc	ÊTRE
vous	Pp	VOUS
,	Fw	,
Monsieur	Ag	Monsieur
Godeau	Nc	Godeau
,	Fw	,
qui	Pr	QUI
me	Pp	JE
faites	Vvc	FAIRE
outrage	Nc	OUTRAGE
.	Fs	.
Vous	Pp	VOUS
voulez	Vvc	VOULOIR
me	Pp	JE
contrainte	Nc	CONTRAINTE
à	S	À
louer	Vvn	LOUER|LOVER
votre	Ds	VOTRE
ouvrage	Nc	OUVRAGE
?	Fs	?
J'	Pp	JE
ai	Vuc	AVOIR
tant	Rg	TANT
loué	Ge	LOUER|LOVER
le	Da	LE
vôtre	As#Ps	VÔTRE
!	Fs	!
Il	Pp	IL
le	Pp	IL
méritait	Vvc	MÉRITER
bien	Rg	BIEN
.	Fs	.
Je	Pp	JE
le	Pp	IL
trouve	Vvc	TROUVER
fort	Rg	FORT
plat	Ag	PLAT
,	Fw	,
pour	S	POUR
ne	Rp	NE
vous	Pp	VOUS
celer	Vvn	CELER
rien	Pi	RIEN
.	Fs	.
Mais	Cc	MAIS
vous	Pp	VOUS
en	Pp	EN
parlez	Vvc	PARLER
mal	Rg	MAL
,	Fw	,
vous	Pp	VOUS
êtes	Vuc	ÊTRE
en	S	EN
colère	Nc	COLÈRE
.	Fs	.
Si	Cs	SI
j'	Pp	JE
en	Pp	EN
ai	Vuc	AVOIR
dit	Ge	DIRE
du	S+Da	DE+LE
bien	Nc	BIEN
,	Fw	,
c'	Pd	CE
était	Vuc	ÊTRE
pour	S	POUR
vous	Pp	VOUS
complaire	Vvn	COMPLAIRE
.	Fs	.
Colletet	Nc	Colletet
,	Fw	,
je	Pp	JE
vous	Pp	VOUS
trouve	Vvc	TROUVER
un	Dn	UN
gentil	Ag	GENTIL
violon	Nc	VIOLON
.	Fs	.
Nous	Pp	NOUS
sommes	Vuc	ÊTRE
tous	Di	TOUT
égaux	Nc	ÉGAL
,	Fw	,
état	Nc	ÉTAT
fils	Nc	FIL|FILS
d'	S	DE
Apollon	Nc	APOLLON
.	Fs	.
Vous	Pp	VOUS
,	Fw	,
enfant	Nc	ENFANT
d'	S	DE
Apollon	Nc	APOLLON
?	Fs	?
Vous	Pp	VOUS
n'	Rp	NE
êtes	Vuc	ÊTRE
qu'	Rg	QUE
une	Dn	UN
bête	Nc	BÊTE
.	Fs	.
Et	Cc	ET
vous	Pp	VOUS
,	Fw	,
Monsieur	Ag	Monsieur
Godeau	Nc	Godeau
,	Fw	,
vous	Pp	VOUS
me	Pp	JE
rompez	Vvc	ROMPRE
la	Da	LE
tête	Nc	TÊTE
.	Fs	.
Qu'	Pt	QUE
avez	Vuc	AVOIR
-vous	Nc	-vous
,	Fw	,
Monseigneur	Nc	MONSEIGNEUR
?	Fs	?
Je	Pp	JE
vous	Pp	VOUS
vois	Vvc	ALLER|VOIR
tout	Pi	TOUT
ému	Ge	ÉMOUVOIR
.	Fs	.
Colletet	Nc	Colletet
m'	Pp	JE
insulter	Vvn	INSULTER
!	Fs	!
Qui	Pr	QUI
l'	Pp	IL
aurait	Vuc	AVOIR
jamais	Rg	JAMAIS
cru	Ge	CROIRE|CROÎTRE
?	Fs	?
Traiter	Vvn	TRAITER
un	Dn	UN
vieil	Ag	VIEUX
auteur	Nc	AUTEUR
avec	S	AVEC
cette	Dd	CE
infamie	Nc	INFAMIE
,	Fw	,
C'	Vvc	C'
est	Vuc	ÊTRE
affronter	Nc	AFFRONTER
en	S	EN
moi	Pp	JE
toute	Di	TOUT
l'	Da	LE
Académie	Nc	Académie
.	Fs	.
Mais	Cc	MAIS
,	Fw	,
quelle	Dt	QUEL
est	Vuc	ÊTRE
cette	Dd	CE
injure	Nc	INJURE
,	Fw	,
et	Cc	ET
d'	S	DE
où	Pr	OÙ
vient	Vvc	VENIR
tant	Rg	TANT
de	S	DE
mal	Nc	MAL
?	Fs	?
""""	Fw	""""
Colletet	Nc	Colletet
,	Fw	,
mon	Ds	MON
ami	Nc	AMI
,	Fw	,
vous	Pp	VOUS
ne	Rp	NE
faites	Vvc	FAIRE
pas	Rg	PAS
mal	Rg	MAL
;	Fw	;
Vous	Nc	Vous
parlez	Vvc	PARLER
un	Dn	UN
peu	Rg	PEU
mieux	Rg	MIEUX
qu'	Cs	QUE
un	Dn	UN
homme	Nc	HOMME
de	S	DE
boutique	Nc	BOUTIQUE
,	Fw	,
""""	Fw	""""
Et	Vvc	Et
mieux	Rg	MIEUX
que	Cs	QUE
vous	Pp	VOUS
,	Fw	,
Godeau	Nc	Godeau
;	Fw	;
car	Cc	CAR
,	Fw	,
enfin	Rg	ENFIN
,	Fw	,
je	Pp	JE
m'	Pp	JE
explique	Vvc	EXPLIQUER
Et	Vvc	Et
notre	Ds	NOTRE
Directeur	Nc	DIRECTEUR
le	Pp	IL
saura	Vvc	SAURER|SAVOIR
comme	S	COMME
vous	Pp	VOUS
.	Fs	.
Modérez	Vvc	Modérez
,	Fw	,
Colletet	Nc	Colletet
,	Fw	,
modérez	Vvc	MODÉRER
ce	Dd	CE
courroux	Nc	COURROUX
.	Fs	.
Offenser	Vvn	OFFENSER
un	Dn	UN
prélat	Nc	PRÉLAT
à	S	À
qui	Pr	QUI
l'	Pp	IL
on	Pp	ON
doit	Vvc	DEVOIR
hommage	Nc	HOMMAGE
,	Fw	,
C'	Vvc	C'
est	Vuc	ÊTRE
d'	S	DE
un	Dn	UN
homme	Nc	HOMME
insensé	Ag	INSENSÉ
faire	Vvn	FAIRE
le	Da	LE
personnage	Nc	PERSONNAGE
.	Fs	.
Je	Pp	JE
sais	Vvc	SAVOIR
bien	Rg	BIEN
respecter	Vvn	RESPECTER
Godeau	Nc	Godeau
comme	S	COMME
prélat	Nc	PRÉLAT
;	Fw	;
Mais	Vvc	Mais
Godeau	Nc	Godeau
comme	S	COMME
auteur	Nc	AUTEUR
,	Fw	,
je	Pp	JE
le	Pp	IL
trouve	Vvc	TROUVER
fort	Rg	FORT
plat	Ag	PLAT
.	Fs	.
Ma	Ds	MON
colère	Nc	COLÈRE
se	Pp	IL
passe	Vvc	PASSER
;	Fw	;
et	Cc	ET
je	Pp	JE
veux	Vvc	VOULOIR
,	Fw	,
sans	S	SANS
murmure	Nc	MURMURE
,	Fw	,
En	Vvc	En
prélat	Nc	PRÉLAT
patient	Ag	PATIENT
endurer	Vvn	ENDURER
cette	Dd	CE
injure	Nc	INJURE
.	Fs	.
Moi	Pp	JE
,	Fw	,
je	Pp	JE
veux	Vvc	VOULOIR
recevoir	Vvn	RECEVOIR
la	Da	LE
satisfaction	Nc	SATISFACTION
Du	Vvc	Du
tort	Nc	TORT
qu'	Pr	QUE
a	Vuc	AVOIR
pu	Ge	POUVOIR
souffrir	Vvn	SOUFFRIR
ma	Ds	MON
réputation	Nc	RÉPUTATION
.	Fs	.
Ô	Nc	Ô
,	Fw	,
d'	S	DE
un	Dn	UN
humble	Ag	HUMBLE
prélat	Nc	PRÉLAT
patience	Nc	PATIENCE
parfaite	Ag	PARFAIT
!	Fs	!
Il	Pp	IL
parle	Vvc	PARLER
d'	S	DE
endurer	Vvn	ENDURER
l'	Da	LE
injure	Nc	INJURE
qu'	Pr	QUE
il	Pp	IL
a	Vuc	AVOIR
faite	Ge	FAIRE
.	Fs	.
Pardonner	Vvn	PARDONNER
à	S	À
des	Dn	UN
gens	Nc	GENS|GENT
que	Pr	QUE
l'	Pp	IL
on	Pp	ON
a	Vuc	AVOIR
maltraités	Ge	MALTRAITER
,	Fw	,
Ce	Vvc	Ce
sont	Vuc	ÊTRE
du	S+Da	DE+LE
bon	Ag	BON
Godeau	Nc	Godeau
les	Da	LE
générosités	Nc	GÉNÉROSITÉ
.	Fs	.
Hé	Vvc	Hé
bien	Rg	BIEN
,	Fw	,
cher	Ag	CHER
Colletet	Nc	Colletet
,	Fw	,
je	Pp	JE
ferai	Vvc	FAIRE|FERRER
davantage	Rg	DAVANTAGE
;	Fw	;
Vous	Nc	Vous
serez	Vuc	ÊTRE
reconnu	Ge	RECONNAÎTRE
pour	S	POUR
un	Dn	UN
grand	Ag	GRAND
personnage	Nc	PERSONNAGE
.	Fs	.
Soyons	Vuc	ÊTRE
,	Fw	,
je	Pp	JE
vous	Pp	VOUS
conjure	Vvc	CONJURER
,	Fw	,
amis	Nc	AMI
de	S	DE
bonne	Ag	BON
foi	Nc	FOI
,	Fw	,
Et	Vvc	Et
vous	Pp	VOUS
saurez	Vvc	SAURER|SAVOIR
écrire	Vvn	ÉCRIRE
et	Cc	ET
parler	Vvn	PARLER
mieux	Rg	MIEUX
au	S+Da	À+LE
moi	Pp	JE
.	Fs	.
Ordonnez	Vvc	ORDONNER
,	Fw	,
Monseigneur	Nc	MONSEIGNEUR
,	Fw	,
ce	Pd	CE
qu'	Pr	QUE
il	Pp	IL
faut	Vvc	FAILLIR|FALLOIR
que	Cs	QUE
je	Pp	JE
fasse	Vvc	FAIRE
;	Fw	;
J'	Vvc	J'
ai	Vuc	AVOIR
plus	Rg	PLUS
failli	Ge	FAILLIR
que	Cs	QUE
vous	Pp	VOUS
,	Fw	,
et	Cc	ET
je	Pp	JE
demande	Vvc	DEMANDER
grâce	Nc	GRÂCE
.	Fs	.
Que	Cs	QUE
partout	Rg	PARTOUT
on	Pp	ON
exalte	Vvc	EXALTER
et	Cc	ET
partout	Rg	PARTOUT
soit	Vuc	ÊTRE
chanté	Ge	CHANTER
De	Vvc	De
ce	Dd	CE
divin	Ag	DIVIN
prélat	Nc	PRÉLAT
le	Da	LE
benedicite	Nc	BÉNÉDICITÉ
.	Fs	.
Ô	Vvc	Ô
l'	Da	LE
ouvrage	Nc	OUVRAGE
excellent	Ag	EXCELLENT
:	Fw	:
Ô	Vvc	Ô
pièce	Nc	PIÈCE
admirable	Ag	ADMIRABLE
!	Fs	!
Chef	Nc	CHEF
d'oeuvre	Nc	d'oeuvre
précieux	Ag	PRÉCIEUX
!	Fs	!
Merveille	Nc	MERVEILLE
incomparable	Ag	INCOMPARABLE
!	Fs	!
Que	Cs	QUE
partout	Rg	PARTOUT
on	Pp	ON
exalte	Vvc	EXALTER
,	Fw	,
et	Cc	ET
partout	Rg	PARTOUT
soit	Vuc	ÊTRE
chanté	Ge	CHANTER
De	Vvc	De
ce	Dd	CE
divin	Ag	DIVIN
prélat	Nc	PRÉLAT
le	Da	LE
BENEDICITE	Nc	BÉNÉDICITÉ
.	Fs	.
Qu'	Cs	QUE
en	S	EN
tous	Di	TOUT
lieux	Nc	LIEU|LIEUX
on	Pp	ON
exalte	Vvc	EXALTER
,	Fw	,
qu'	Cs	QUE
en	S	EN
tous	Di	TOUT
lieux	Nc	LIEU|LIEUX
on	Pp	ON
chante	Vvc	CHANTER
De	Vvc	De
notre	Ds	NOTRE
Colletet	Nc	Colletet
""""	Fw	""""
La	Vvc	La
Cane	Nc	CANE|CANNE
barbotante	Ga	BARBOTER
""""	Fw	""""
;	Fw	;
Ces	Vvc	Ces
beaux	Ag	BEAU
vers	Nc	VER|VERS|VERT
que	Cs	QUE
le	Da	LE
temps	Nc	TEMPS
ne	Rp	NE
saurait	Vvc	SAURER|SAVOIR
effacer	Vvn	EFFACER
,	Fw	,
Et	Vvc	Et
qu'	Cs	QUE
un	Dn	UN
grand	Ag	GRAND
Cardinal	Nc	CARDINAL
voulut	Vvc	VOULOIR
récompenser	Vvn	RÉCOMPENSER
:	Fw	:
C'	Pd	CE
est	Vuc	ÊTRE
là	Rg	LÀ
que	Cs	QUE
Colletet	Nc	Colletet
si	Rg	SI
vivement	Rg	VIVEMENT
explique	Ge	EXPLIQUER
Du	Vvc	Du
canard	Nc	CANARD
amoureux	Ag	AMOUREUX
la	Pp	IL
Vénus	Vvc	Vénus
aquatique	Ag	AQUATIQUE
,	Fw	,
Qu'	Vvc	Qu'
au	S+Da	À+LE
sens	Nc	SENS
de	S	DE
Richelieu	Nc	RICHELIEU
le	Da	LE
Roi	Nc	ROI
ne	Rp	NE
pourrait	Vvc	POUVOIR
pas	Rg	PAS
De	Vvc	De
tout	Di	TOUT
l'	Da	LE
or	Nc	OR
du	S+Da	DE+LE
royaume	Nc	ROYAUME
en	S	EN
payer	Vvn	PAYER
les	Da	LE
appas	Nc	APPAS
.	Fs	.
Nous	Pp	NOUS
sommes	Vuc	ÊTRE
tous	Di	TOUT
contents	Nc	CONTENT
;	Fw	;
la	Da	LE
discorde	Nc	DISCORDE
est	Vuc	ÊTRE
finie	Ge	FINIR
,	Fw	,
Et	Vvc	Et
la	Da	LE
paix	Nc	PAIX
régnera	Vvc	RÉGNER
dans	S	DANS
notre	Ds	NOTRE
compagnie	Nc	COMPAGNIE
:	Fw	:
Au	S+Da	À+LE
reste	Nc	RESTE
,	Fw	,
l'	Da	LE
heure	Nc	HEURE|HURE
approche	Nc	APPROCHE
ou	Pr	OÙ
se	Pp	IL
doit	Vvc	DEVOIR
terminer	Vvn	TERMINER
La	Vvc	La
réforme	Nc	RÉFORME|RÉFORMÉ
des	S+Da	DE+LE|DE+LES
mots	Nc	MOT|MOTS
que	Pr	QUE
nous	Pp	NOUS
allons	Vvc	ALLER
donner	Vvn	DONNER
,	Fw	,
Et	Vvc	Et
par	S	PAR
qui	Pr	QUI
nous	Pp	NOUS
aurons	Vuc	AVOIR
la	Da	LE
gloire	Nc	GLOIRE
sans	S	SANS
seconde	Nc	SECOND|SECONDE
,	Fw	,
D'	Vvc	D'
établir	Vvn	ÉTABLIR
le	Da	LE
français	Nc	FRANÇAIS
en	S	EN
tous	Di	TOUT
les	Da	LE
lieux	Nc	LIEU|LIEUX
du	S+Da	DE+LE
monde	Nc	MONDE
.	Fs	.
Monsieur	Nc	MONSIEUR
le	Da	LE
Chancelier	Nc	CHANCELIER
ne	Rp	NE
doit	Vvc	DEVOIR
venir	Vvn	VENIR
que	Cs	QUE
tard	Rg	TARD
.	Fs	.
Donc	Rg	DONC
,	Fw	,
pour	S	POUR
peu	Rg	PEU
de	S	DE
temps	Nc	TEMPS
,	Fw	,
allons	Vvc	ALLER
quelqu'autre	Di	quelqu'autre
part	Nc	PART
.	Fs	.
Illustre	Ag	ILLUSTRE
Colomby	Ge	Colomby
,	Fw	,
vrai	Ag	VRAI
cousin	Nc	COUSIN
de	S	DE
Malherbe	Vvc	Malherbe
,	Fw	,
De	Vvc	De
ton	Ds	TON
mérite	Nc	MÉRITE
seul	Ag	SEUL
,	Fw	,
glorieux	Ag	GLORIEUX
et	Cc	ET
superbe	Ag	SUPERBE
;	Fw	;
Parmi	Nc	Parmi
tous	Di	TOUT
les	Da	LE
auteurs	Nc	AUTEUR
,	Fw	,
en	Pp	EN
voit	Vvc	VOIR
-on	Nc	-on
aujourd'hui	Rg	AUJOURD'HUI
Qui	Ag	Qui
puissent	Vvc	POUVOIR
approcher	Vvn	APPROCHER
ou	Cc	OU
de	S	DE
vous	Pp	VOUS
,	Fw	,
ou	Cc	OU
de	S	DE
lui	Pp	IL
?	Fs	?
Malherbe	Vvc	Malherbe
ne	Rp	NE
vit	Vvc	VIVRE|VOIR
plus	Rg	PLUS
,	Fw	,
Bertaut	Nc	Bertaut
n'	Rp	NE
est	Vuc	ÊTRE
plus	Rg	PLUS
au	S+Da	À+LE
monde	Nc	MONDE
;	Fw	;
D'	Ag	D'
ignorance	Nc	IGNORANCE
et	Cc	ET
d'	S	DE
erreur	Nc	ERREUR
toute	Di	TOUT
le	Da	LE
terre	Nc	TERRE
abonde	Vvc	ABONDER
.	Fs	.
Desportes	Nc	DÉPORTÉ
a	Vuc	AVOIR
subi	Ge	SUBIR
notre	Ds	NOTRE
commun	Ag	COMMUN
destin	Nc	DESTIN
:	Fw	:
Passerat	Vvc	Passerat
a	Vuc	AVOIR
vécu	Ge	VIVRE
;	Fw	;
j'	Pp	JE
ai	Vuc	AVOIR
vu	Ge	VOIR
mourir	Vvn	MOURIR
Rapin	Nc	RAPIN
:	Fw	:
Et	Cc	ET
c'	Pd	CE
étaient	Vuc	ÊTRE
des	Dn	UN
auteurs	Nc	AUTEUR
dont	Pr	DONT
l'	Da	LE
illustre	Ag	ILLUSTRE
génie	Nc	GÉNIE
Aurait	Vvc	Aurait
pu	Ge	POUVOIR
faire	Vvn	FAIRE
honneur	Nc	HONNEUR
à	S	À
notre	Ds	NOTRE
compagnie	Nc	COMPAGNIE
.	Fs	.
Vous	Pp	VOUS
savez	Vvc	SAVOIR
que	Cs	QUE
j'	Pp	JE
avais	Vuc	AVOIR
auprès	Rg	AUPRÈS
du	S+Da	DE+LE
Potentat	Vvc	Potentat
La	Ag	La
charge	Nc	CHARGE|CHARGÉ
d'	S	DE
Orateur	Nc	ORATEUR
des	S+Da	DE+LE|DE+LES
affaires	Nc	AFFAIRE|AFFAIRÉ
d'	S	DE
État	Nc	État
.	Fs	.
Et	Cc	ET
vous	Pp	VOUS
n'	Rp	NE
ignorez	Vvc	IGNORER
pas	Rg	PAS
que	Cs	QUE
j'	Pp	JE
eus	Vuc	AVOIR
dans	S	DANS
la	Da	LE
régence	Nc	RÉGENCE
Des	Vvc	Des
""""	Fw	""""
Nocturnes	Vvc	Nocturnes
plaisirs	Nc	PLAISIR
""""	Fw	""""
le	Da	LE
suprême	Ag	SUPRÊME
intendance	Nc	INTENDANCE
.	Fs	.
Or	Nc	OR
,	Fw	,
n'	Rp	NE
étant	Ga	ÊTRE
point	Rg	POINT
payé	Ge	PAYER
de	S	DE
mes	Ds	MON
appointements	Nc	APPOINTEMENT
.	Fs	.
Détrompé	Vvc	Détrompé
que	Cs	QUE
je	Pp	JE
suis	Vuc	ÊTRE
de	S	DE
tous	Di	TOUT
amusements	Nc	AMUSEMENT
.	Fs	.
Je	Pp	JE
fais	Vvc	FAIRE
faire	Vvn	FAIRE
leçon	Nc	LEÇON
aux	S+Da	À+LES
gens	Nc	GENS|GENT
de	S	DE
nos	Ds	NOTRE
provinces	Nc	PROVINCE
Du	Vvc	Du
peu	Rg	PEU
de	S	DE
gain	Nc	GAIN
qu'	Pr	QUE
on	Pp	ON
fait	Vvc	FAIRE
au	S+Da	À+LE
service	Nc	SERVICE
des	S+Da	DE+LE|DE+LES
Princes	Nc	PRINCE
.	Fs	.
J'	Pp	JE
abandonne	Vvc	ABANDONNER
la	Da	LE
Cour	Nc	COUR
,	Fw	,
et	Cc	ET
vais	Vvc	ALLER
dans	S	DANS
chaque	Di	CHAQUE
lieu	Nc	LIEU
Louer	Vvn	LOUER|LOVER
la	Da	LE
Reine	Nc	REINE|ROI
et	Cc	ET
blâmer	Vvn	BLÂMER
Richelieu	Nc	RICHELIEU
.	Fs	.
Aux	S+Da	À+LES
auteurs	Nc	AUTEUR
assemblés	Ge	ASSEMBLER
prenez	Vvc	PRENDRE
le	Da	LE
soin	Nc	SOIN
de	S	DE
dire	Vvn	DIRE
Que	Vvc	Que
,	Fw	,
las	Ag	LAS
de	S	DE
mes	Ds	MON
emplois	Nc	EMPLOI
,	Fw	,
enfin	Rg	ENFIN
je	Pp	JE
me	Pp	JE
retire	Vvc	RETIRER
.	Fs	.
C'	Pd	CE
est	Vuc	ÊTRE
la	Da	LE
forme	Nc	FORME
ordinaire	Ag	ORDINAIRE
:	Fw	:
et	Cc	ET
,	Fw	,
quiconque	Pi	QUICONQUE
a	Vuc	AVOIR
quitté	Ge	QUITTER
,	Fw	,
Leur	Vvc	Leur
a	Vuc	AVOIR
fait	Ge	FAIRE
en	S	EN
quittant	Ga	QUITTER
cette	Dd	CE
civilité	Nc	CIVILITÉ
.	Fs	.
Vous	Pp	VOUS
direz	Vvc	DIRE
de	S	DE
ma	Ds	MON
part	Nc	PART
,	Fw	,
sans	S	SANS
aucune	Di	AUCUN
autre	Ag	AUTRE
forme	Nc	FORME
,	Fw	,
Qu'	Vvc	Qu'
au	S+Da	À+LE
lieu	Nc	LIEU
de	S	DE
réformer	Vvn	RÉFORMER
les	Da	LE
mots	Nc	MOT|MOTS
,	Fw	,
je	Pp	JE
me	Pp	JE
reforme	Vvc	REFORMER|RÉFORMER
.	Fs	.
Je	Pp	JE
traiterai	Vvc	TRAITER
la	Da	LE
chose	Nc	CHOSE
un	Dn	UN
peu	Rg	PEU
moins	Rg	MOINS
durement	Rg	DUREMENT
,	Fw	,
Et	Vvc	Et
leur	Pp	LEUR
ferai	Vvc	FAIRE|FERRER
pour	S	POUR
moi	Pp	JE
le	Da	LE
même	Ag	MÊME
compliment	Nc	COMPLIMENT
.	Fs	.
Tandis	Vvc	Tandis
que	Cs	QUE
je	Pp	JE
suis	Vuc	ÊTRE
seul	Ag	SEUL
,	Fw	,
il	Pp	IL
faut	Vvc	FAILLIR|FALLOIR
que	Cs	QUE
je	Pp	JE
compose	Vvc	COMPOSER
Quelqu'ouvrage	Nc	Quelqu'ouvrage
excellent	Ag	EXCELLENT
,	Fw	,
soit	Vuc	ÊTRE
en	S	EN
vers	Nc	VER|VERS|VERT
,	Fw	,
soit	Vuc	ÊTRE
en	S	EN
prose	Nc	PROSE
.	Fs	.
La	Da	LE
prose	Nc	PROSE
est	Vuc	ÊTRE
trop	Rg	TROP
facile	Ag	FACILE
,	Fw	,
et	Cc	ET
son	Ds	SON
bas	Ag	BAS
naturel	Nc	NATUREL
N'	Vvc	N'
a	S	À
rien	Pi	RIEN
qui	Pr	QUI
puisse	Vvc	POUVOIR
rendre	Vvn	RENDRE
un	Dn	UN
auteur	Nc	AUTEUR
immortel	Ag	IMMORTEL
;	Fw	;
Mais	Vvc	Mais
d'	S	DE
un	Dn	UN
sens	Nc	SENS
figuré	Ge	FIGURER
la	Da	LE
noble	Ag	NOBLE
allégorie	Nc	ALLÉGORIE
Des	Vvc	Des
sublimes	Ag	SUBLIME
esprits	Nc	ESPRIT|ESPRITS
sera	Vuc	ÊTRE
toujours	Rg	TOUJOURS
chérie	Ge	CHÉRIR
.	Fs	.
Par	S	PAR
son	Ds	SON
divin	Ag	DIVIN
pouvoir	Nc	POUVOIR
,	Fw	,
nos	Ds	NOTRE
esprits	Nc	ESPRIT|ESPRITS
triomphants	Ga	TRIOMPHER
Passent	Vvc	PASSER
de	S	DE
siècle	Nc	SIÈCLE
en	S	EN
siècle	Nc	SIÈCLE
et	Cc	ET
bravent	Vvc	BRAVER
tous	Di	TOUT
les	Da	LE
ans	Nc	AN
.	Fs	.
Je	Pp	JE
quitte	Vvc	QUITTER
donc	Rg	DONC
la	Da	LE
prose	Nc	PROSE
et	Cc	ET
la	Da	LE
simple	Ag	SIMPLE
nature	Nc	NATURE
Pour	Ag	Pour
composer	Vvn	COMPOSER
des	Dn	UN
vers	Nc	VER|VERS|VERT
où	Pr	OÙ
règne	Vvc	RÉGNER
la	Da	LE
figure	Nc	FIGURE|FIGURÉ
.	Fs	.
""""	Fw	""""
Qui	Pr	QUI
vit	Vvc	VIVRE|VOIR
jamais	Rg	JAMAIS
rien	Pi	RIEN
de	S	DE
si	Rg	SI
beau	Ag	BEAU
,	Fw	,
""""	Fw	""""
(	Fw	(
Il	Vvc	Il
me	Pp	JE
faudra	Vvc	FAILLIR|FALLOIR
choisir	Vvn	CHOISIR
la	Da	LE
rime	Nc	RIME
""""	Fw	""""
flambeau	Nc	FLAMBEAU
""""	Fw	""""
)	Fw	)
""""	Fw	""""
Que	Vvc	Que
les	Da	LE
beaux	Ag	BEAU
yeux	Nc	OEIL|YEUX
de	S	DE
la	Da	LE
Comtesse	Nc	COMTE|COMTESSE
?	Fs	?
""""	Fw	""""
(	Fw	(
Je	Pp	JE
voudrais	Vvc	VOULOIR
bien	Rg	BIEN
aussi	Rg	AUSSI
mettre	Vvn	METTRE
en	S	EN
rime	Nc	RIME
déesse	Nc	DÉESSE
.	Fs	.
)	Fw	)
""""	Fw	""""
Qui	Vvc	Qui
vit	Vvc	VIVRE|VOIR
jamais	Rg	JAMAIS
rien	Pi	RIEN
de	S	DE
si	Rg	SI
beau	Ag	BEAU
Que	Vvc	Que
les	Da	LE
beaux	Ag	BEAU
yeux	Nc	OEIL|YEUX
de	S	DE
la	Da	LE
Comtesse	Nc	COMTE|COMTESSE
?	Fs	?
Je	Pp	JE
ne	Rp	NE
crois	Vvc	CROIRE|CROÎTRE
pas	Rg	PAS
qu'	Cs	QUE
une	Dn	UN
déesse	Nc	DÉESSE
Nous	Ag	Nous
éclairât	Vvc	ÉCLAIRER
d'	S	DE
un	Dn	UN
tel	Ag	TEL
flambeau	Nc	FLAMBEAU
.	Fs	.
Aussi	Rg	AUSSI
,	Fw	,
peut	Vvc	POUVOIR
-on	Nc	-on
trouver	Vvn	TROUVER
une	Dn	UN
âme	Nc	ÂME
Qui	Vvc	Qui
ne	Rp	NE
sente	Vvc	SENTIR
la	Da	LE
vive	Ag	VIF
flamme	Nc	FLAMME
Qu'	Ag	Qu'
allume	Vvc	ALLUMER
cet	Dd	CE
oeil	Nc	IL
radieux	Ag	RADIEUX
?	Fs	?
""""	Fw	""""
Radieux	Ag	RADIEUX
me	Pp	JE
plaît	Vvc	PLAIRE
fort	Rg	FORT
:	Fw	:
un	Dn	UN
ciel	Nc	CIEL
plein	Ag	PLEIN
de	S	DE
lumière	Nc	LUMIÈRE
,	Fw	,
Et	Vvc	Et
qui	Pr	QUI
fait	Vvc	FAIRE
sur	S	SUR
nos	Ds	NOTRE
cours	Nc	COUR|COURS|COURT
l'	Da	LE
impression	Nc	IMPRESSION
première	Ag	PREMIER
,	Fw	,
D'	Nc	D'
où	Pr	OÙ
se	Pp	IL
forment	Vvc	FORMER
enfin	Rg	ENFIN
les	Da	LE
tendresse	Nc	TENDRESSE
d'	S	DE
amour	Nc	AMOUR
.	Fs	.
Radieux	Ag	RADIEUX
!	Fs	!
J'	Pp	JE
en	Pp	EN
veux	Vvc	VOULOIR
faire	Vvn	FAIRE
un	Dn	UN
terme	Nc	TERME
de	S	DE
la	Da	LE
Cour	Nc	COUR
.	Fs	.
""""	Fw	""""
Sa	Ds	SON
clarté	Nc	CLARTÉ
qu'	Pr	QUE
on	Pp	ON
voit	Vvc	VOIR
sans	S	SANS
seconde	Nc	SECOND|SECONDE
;	Fw	;
Éclairant	Nc	Éclairant
peu	Rg	PEU
à	S	À
peu	Rg	PEU
le	Da	LE
monde	Nc	MONDE
,	Fw	,
Luira	Vvc	LUIRE
même	Rg	MÊME
un	Dn	UN
jour	Nc	JOUR
pour	S	POUR
les	Da	LE
Dieux	Nc	DIEU|DIEUX
.	Fs	.
""""	Fw	""""
Je	Pp	JE
ne	Rp	NE
suis	Vuc	ÊTRE
pas	Rg	PAS
assez	Rg	ASSEZ
maître	Nc	MAÎTRE
de	S	DE
mon	Ds	MON
génie	Nc	GÉNIE
;	Fw	;
J'	Vvc	J'
ai	Vuc	AVOIR
fait	Ge	FAIRE
sans	S	SANS
y	Pp	Y
penser	Vvn	PENSER
,	Fw	,
une	Dn	UN
cacophonie	Nc	CACOPHONIE
:	Fw	:
Qui	Pr	QUI
me	Pp	JE
soupçonnerait	Vvc	SOUPÇONNER
d'	S	DE
avoir	Vun	AVOIR
mis	Ge	METTRE
""""	Fw	""""
peu	Rg	PEU
à	S	À
peu	Rg	PEU
""""	Fw	""""
?	Fs	?
Ce	Dd	CE
désordre	Nc	DÉSORDRE
me	Pp	JE
vient	Vvc	VENIR
pour	S	POUR
avoir	Vun	AVOIR
trop	Rg	TROP
de	S	DE
feu	Nc	FEU
.	Fs	.
""""	Fw	""""
Qui	Pr	QUI
ne	Rp	NE
vit	Vvc	VIVRE|VOIR
jamais	Rg	JAMAIS
rien	Pi	RIEN
de	S	DE
si	Rg	SI
beau	Ag	BEAU
Que	Vvc	Que
les	Da	LE
beaux	Ag	BEAU
yeux	Nc	OEIL|YEUX
de	S	DE
la	Da	LE
Comtesse	Nc	COMTE|COMTESSE
?	Fs	?
Je	Pp	JE
ne	Rp	NE
crois	Vvc	CROIRE|CROÎTRE
point	Rg	POINT
qu'	Cs	QUE
une	Dn	UN
déesse	Nc	DÉESSE
Nous	Ag	Nous
éclairât	Vvc	ÉCLAIRER
d'	S	DE
un	Dn	UN
tel	Ag	TEL
flambeau	Nc	FLAMBEAU
.	Fs	.
Ainsi	Rg	AINSI
peut	Vvc	POUVOIR
-on	Nc	-on
trouver	Vvn	TROUVER
une	Dn	UN
âme	Nc	ÂME
,	Fw	,
Qui	Vvc	Qui
ne	Rp	NE
sente	Vvc	SENTIR
la	Da	LE
vive	Ag	VIF
flamme	Nc	FLAMME
Qu'	Ag	Qu'
allume	Vvc	ALLUMER
cet	Dd	CE
oil	Nc	OÏL
radieux	Ag	RADIEUX
?	Fs	?
Sa	Ds	SON
clarté	Nc	CLARTÉ
qu'	Pr	QUE
on	Pp	ON
voit	Vvc	VOIR
sans	S	SANS
seconde	Nc	SECOND|SECONDE
S'	Ag	S'
épand	Vvc	ÉPANDRE
déjà	Rg	DÉJÀ
sur	S	SUR
tout	Di	TOUT
le	Da	LE
monde	Nc	MONDE
,	Fw	,
Et	Vvc	Et
luira	Vvc	LUIRE
bientôt	Rg	BIENTÔT
pour	S	POUR
les	Da	LE
dieux	Nc	DIEU|DIEUX
.	Fs	.
""""	Fw	""""
Voilà	Vvc	Voilà
ce	Pd	CE
qui	Pr	QUI
s'	Pp	SE
appelle	Vvc	APPELER
écrire	Vvn	ÉCRIRE
avec	S	AVEC
justesse	Nc	JUSTESSE
!	Fs	!
Et	Cc	ET
ce	Pd	CE
qui	Pr	QUI
m'	Pp	JE
en	Pp	EN
plaît	Vvc	PLAIRE
plus	Rg	PLUS
,	Fw	,
tout	Pi	TOUT
est	Vuc	ÊTRE
fait	Ge	FAIRE
sans	S	SANS
rudesse	Nc	RUDESSE
;	Fw	;
Car	Nc	CAR
tout	Di	TOUT
ouvrage	Nc	OUVRAGE
fort	Ag	FORT
a	Vuc	AVOIR
de	S	DE
la	Da	LE
dureté	Nc	DURETÉ
,	Fw	,
Si	Vvc	Si
par	S	PAR
un	Dn	UN
art	Nc	ART
soigneux	Ag	SOIGNEUX
,	Fw	,
il	Pp	IL
n'	Rp	NE
est	Vuc	ÊTRE
pas	Rg	PAS
ajusté	Ge	AJUSTER
.	Fs	.
""""	Fw	""""
Chacun	Pi	CHACUN
admire	Vvc	ADMIRER
en	S	EN
ce	Dd	CE
visage	Nc	VISAGE
La	Vvc	La
lumière	Nc	LUMIÈRE
de	S	DE
deux	Nc	DEUX
soleils	Nc	SOLEIL
:	Fw	:
Si	Cs	SI
la	Da	LE
nature	Nc	NATURE
eut	Vuc	AVOIR
été	Ge	ÊTRE
sage	Ag	SAGE
,	Fw	,
Le	Vvc	Le
ciel	Nc	CIEL
aurait	Vuc	AVOIR
dit	Ge	DIRE
deux	Nc	DEUX
pareils	Ag	PAREIL
.	Fs	.
""""	Fw	""""
Que	Cs	QUE
voilà	S	VOILÀ
de	Dn	UN
beaux	Ag	BEAU
vers	Nc	VER|VERS|VERT
!	Fs	!
L'	Da	LE
auguste	Ag	AUGUSTE
poésie	Nc	POÉSIE
!	Fs	!
Phoebus	A	PHÉBUS
éclaire	Vvc	ÉCLAIRER
encore	Rg	ENCORE
un	Dn	UN
peu	Rg	PEU
ma	Ds	MON
fantaisie	Nc	FANTAISIE
:	Fw	:
""""	Fw	""""
Divin	Ag	DIVIN
père	Nc	PÈRE
du	S+Da	DE+LE
jour	Nc	JOUR
,	Fw	,
qui	Pr	QUI
maintiens	Vvc	MAINTENIR
l'	Da	LE
univers	Nc	UNIVERS
,	Fw	,
Donne	Vvc	DONNER
-moi	Vvc	-moi
cette	Dd	CE
ardeur	Nc	ARDEUR
qui	Pr	QUI
fait	Vvc	FAIRE
faire	Vvn	FAIRE
des	Dn	UN
vers	Nc	VER|VERS|VERT
;	Fw	;
Ranime	Vvc	RANIMER
mes	Ds	MON
esprits	Nc	ESPRIT|ESPRITS
,	Fw	,
et	Cc	ET
dans	S	DANS
mon	Ds	MON
sang	Nc	SANG
rappelle	Vvc	RAPPELER
La	Vvc	La
féconde	Ag	FÉCOND
chaleur	Nc	CHALEUR
qui	Pr	QUI
forma	Vvc	FORMER
LA	Ag	LA
PUCELLE	Nc	PUCEAU
.	Fs	.
Par	S	PAR
l'	Da	LE
épithète	Nc	ÉPITHÈTE
alors	Rg	ALORS
je	Pp	JE
me	Pp	JE
rendis	Vvc	RENDRE
fameux	Ag	FAMEUX
:	Fw	:
Alors	Rg	ALORS
le	Da	LE
mont	Nc	MONT
Olympe	Vvc	Olympe
a	S	À
son	Ds	SON
pied	Nc	PIED
sablonneux	Ag	SABLONNEUX
;	Fw	;
Alors	Nc	Alors
,	Fw	,
hideux	Ag	HIDEUX
,	Fw	,
terrible	Ag	TERRIBLE
,	Fw	,
affreux	Ag	AFFREUX
,	Fw	,
épouvantable	Ag	ÉPOUVANTABLE
,	Fw	,
Firent	Vvc	FAIRE
de	S	DE
mes	Ds	MON
écrits	Nc	ÉCRIT
un	Dn	UN
effet	Nc	EFFET
admirable	Ag	ADMIRABLE
.	Fs	.
Divin	Ag	DIVIN
père	Nc	PÈRE
du	S+Da	DE+LE
jour	Nc	JOUR
,	Fw	,
qui	Pr	QUI
maintiens	Vvc	MAINTENIR
l'	Da	LE
univers	Nc	UNIVERS
,	Fw	,
Redonne	Vvc	REDONNER
-moi	Vvc	-moi
l'	Da	LE
ardeur	Nc	ARDEUR
qui	Pr	QUI
fit	Vvc	FAIRE
faire	Vvn	FAIRE
ces	Dd	CE
vers	Nc	VER|VERS|VERT
.	Fs	.
""""	Fw	""""
""""	Fw	""""
Le	Da	LE
teint	Nc	TEINT
qui	Pr	QUI
paraît	Vvc	PARAÎTRE
sur	S	SUR
sa	Ds	SON
face	Nc	FACE
Est	Vvc	Est
plus	Rg	PLUS
uni	Ge	UNIR
que	Cs	QUE
n'	Rp	NE
est	Vuc	ÊTRE
la	Da	LE
glace	Nc	GLACE|GLACÉ
,	Fw	,
Plus	Vvc	PLAIRE
clair	Ag	CLAIR
que	Cs	QUE
le	Da	LE
ciel	Nc	CIEL
cristallin	Ag	CRISTALLIN
:	Fw	:
Où	Vvc	Où
trouver	Vvn	TROUVER
un	Dn	UN
pinceau	Nc	PINCEAU
qui	Pr	QUI
touche	Vvc	TOUCHER
Les	Ag	Les
charmes	Nc	CHARME
de	S	DE
sa	Ds	SON
nouvelle	Ag	NOUVEAU
bouche	Nc	BOUCHE
,	Fw	,
Et	Vvc	Et
l'	Da	LE
honneur	Nc	HONNEUR
du	S+Da	DE+LE
nez	Nc	NEZ
aquilin	Ag	AQUILIN
?	Fs	?
""""	Fw	""""
Cette	Dd	CE
comparaison	Nc	COMPARAISON
me	Pp	JE
semble	Vvc	SEMBLER
assez	Rg	ASSEZ
bien	Rg	BIEN
prise	Ge	PRENDRE|PRISER
:	Fw	:
Il	Pp	IL
n'	Rp	NE
est	Vuc	ÊTRE
plus	Rg	PLUS
uni	Ge	UNIR
qu'	Cs	QUE
un	Dn	UN
cristal	Nc	CRISTAL
de	S	DE
Venise	Vvc	Venise
;	Fw	;
Et	Vvc	Et
les	Da	LE
cieux	Nc	CIEL|CIEUX
qui	Pr	QUI
ne	Rp	NE
sont	Vuc	ÊTRE
formés	Ge	FORMER
d'	S	DE
aucun	Di	AUCUN
métal	Nc	MÉTAL
,	Fw	,
Pourraient	Vvc	POUVOIR
,	Fw	,
à	S	À
mon	Ds	MON
avis	Nc	AVIS
,	Fw	,
être	Vun	ÊTRE
faits	Ge	FAIRE
de	S	DE
cristal	Nc	CRISTAL
.	Fs	.
""""	Fw	""""
Aquilin	Ag	AQUILIN
""""	Fw	""""
ne	Rp	NE
vient	Vvc	VENIR
pas	Rg	PAS
fort	Rg	FORT
souvent	Rg	SOUVENT
en	S	EN
usage	Nc	USAGE
,	Fw	,
Mais	Vvc	Mais
il	Pp	IL
convient	Vvc	CONVENIR|CONVIER
au	S+Da	À+LE
nez	Nc	NEZ
du	S+Da	DE+LE
plus	Rg	PLUS
parfait	Ag	PARFAIT
visage	Nc	VISAGE
;	Fw	;
Tous	Nc	TOUX
les	Da	LE
peintres	Nc	PEINTRE
fameux	Ag	FAMEUX
veulent	Vvc	VOULOIR
qu'	Cs	QUE
un	Dn	UN
nez	Nc	NEZ
soit	Vuc	ÊTRE
tel	Ag	TEL
:	Fw	:
Oublier	Vvn	OUBLIER
""""	Fw	""""
Aquilin	Vvc	Aquilin
""""	Fw	""""
est	Vuc	ÊTRE
un	Dn	UN
péché	Nc	PÉCHÉ
mortel	Ag	MORTEL
.	Fs	.
""""	Fw	""""
Chacun	Pi	CHACUN
admire	Vvc	ADMIRER
ce	Dd	CE
visage	Nc	VISAGE
La	Vvc	La
lumière	Nc	LUMIÈRE
de	S	DE
deux	Nc	DEUX
soleils	Nc	SOLEIL
:	Fw	:
Si	Cs	SI
la	Da	LE
nature	Nc	NATURE
eut	Vuc	AVOIR
été	Ge	ÊTRE
sage	Ag	SAGE
Le	Nc	LÉ
Ciel	Vvc	Ciel
en	Pp	EN
aurait	Vuc	AVOIR
deux	Nc	DEUX
pareils	Ag	PAREIL
.	Fs	.
Le	Da	LE
teint	Nc	TEINT
qui	Pr	QUI
me	Pp	JE
parait	Vvc	PARAÎTRE|PARER
sur	S	SUR
sa	Ds	SON
face	Nc	FACE
Est	Vvc	Est
plus	Rg	PLUS
uni	Ge	UNIR
que	Cs	QUE
n'	Rp	NE
est	Vuc	ÊTRE
la	Da	LE
glace	Nc	GLACE|GLACÉ
,	Fw	,
Plus	Vvc	PLAIRE
clair	Ag	CLAIR
que	Cs	QUE
le	Da	LE
ciel	Nc	CIEL
cristallin	Ag	CRISTALLIN
:	Fw	:
Où	Vvc	Où
trouver	Vvn	TROUVER
un	Dn	UN
pinceau	Nc	PINCEAU
qui	Pr	QUI
touche	Vvc	TOUCHER
Les	Ag	Les
charmes	Nc	CHARME
de	S	DE
sa	Ds	SON
nouvelle	Ag	NOUVEAU
bouche	Nc	BOUCHE
Et	Vvc	Et
l'	Da	LE
honneur	Nc	HONNEUR
du	S+Da	DE+LE
nez	Nc	NEZ
aquilin	Ag	AQUILIN
?	Fs	?
""""	Fw	""""
Ainsi	Rg	AINSI
peignaient	Vvc	PEIGNER|PEINDRE
les	Da	LE
Grecs	Nc	GREC
des	S+Da	DE+LE|DE+LES
beautés	Nc	BEAUTÉ
achevées	Ge	ACHEVER
,	Fw	,
De	Vvc	De
l'	Da	LE
injure	Nc	INJURE
des	S+Da	DE+LE|DE+LES
ans	Nc	AN
par	S	PAR
leurs	Ds	LEUR
écrits	Nc	ÉCRIT
sauvés	Ge	SAUVER
.	Fs	.
Je	Pp	JE
n'	Rp	NE
ai	Vuc	AVOIR
fait	Ge	FAIRE
que	Cs	QUE
vingt	Nc	VINGT
vers	Nc	VER|VERS|VERT
,	Fw	,
mais	Cc	MAIS
tous	Di	TOUT
vers	Nc	VER|VERS|VERT
raisonnés	Ge	RAISONNER
,	Fw	,
Magnifiques	Nc	Magnifiques
pompeux	Ag	POMPEUX
,	Fw	,
justes	Ag	JUSTE
et	Cc	ET
bien	Rg	BIEN
tournés	Ge	TOURNER
.	Fs	.
Par	S	PAR
un	Dn	UN
secret	Nc	SECRET
de	S	DE
l'	Da	LE
art	Nc	ART
d'	S	DE
une	Dn	UN
grande	Ag	GRAND
déesse	Nc	DÉESSE
,	Fw	,
J'	Vvc	J'
oppose	Vvc	OPPOSER
les	Da	LE
appas	Nc	APPAS
à	S	À
ceux	Pd	CELUI
de	S	DE
ma	Ds	MON
comtesse	Nc	COMTE|COMTESSE
;	Fw	;
Et	Vvc	Et
des	Dn	UN
charmes	Nc	CHARME
divins	Ag	DIVIN
dans	S	DANS
opposition	Nc	OPPOSITION
,	Fw	,
Je	Vvc	Je
fais	Vvc	FAIRE
vois	Vvc	ALLER|VOIR
la	Da	LE
confusion	Nc	CONFUSION
.	Fs	.
Quand	Cs	QUAND
à	S	À
l'	Da	LE
autre	Ag	AUTRE
couplet	Nc	COUPLET
,	Fw	,
j'	Pp	JE
y	Pp	Y
reprends	Vvc	REPRENDRE
la	Da	LE
nature	Nc	NATURE
,	Fw	,
Qui	Vvc	Qui
des	Dn	UN
corps	Nc	CORPS
azurés	Ge	AZURER
a	Vuc	AVOIR
formé	Ge	FORMER
la	Da	LE
structure	Nc	STRUCTURE
,	Fw	,
De	Vvc	De
n'	Rp	NE
avoir	Vun	AVOIR
su	Ge	SAVOIR
placer	Vvn	PLACER
à	S	À
ce	Dd	CE
haut	Ag	HAUT
firmament	Nc	FIRMAMENT
Qu'	Vvc	Qu'
un	Dn	UN
soleil	Nc	SOLEIL
seulement	Rg	SEULEMENT
.	Fs	.
La	Da	LE
comtesse	Nc	COMTE|COMTESSE
en	Pp	EN
a	Vuc	AVOIR
deux	Nc	DEUX
;	Fw	;
c'	Pd	CE
est	Vuc	ÊTRE
au	S+Da	À+LE
ciel	Nc	CIEL
une	Dn	UN
honte	Nc	HONTE
Qu'	Vvc	Qu'
un	Dn	UN
visage	Nc	VISAGE
ici	Rg	ICI
bas	Rg	BAS
en	S	EN
soleils	Nc	SOLEIL
le	Pp	IL
surmonte	Vvc	SURMONTER
.	Fs	.
J'	Pp	JE
achève	Vvc	ACHEVER
heureusement	Rg	HEUREUSEMENT
:	Fw	:
il	Pp	IL
me	Pp	JE
fallait	Vvc	FALLOIR
finir	Vvn	FINIR
;	Fw	;
Aussi	Ge	Aussi
bien	Rg	BIEN
nos	Ds	NOTRE
auteurs	Nc	AUTEUR
commencent	Vvc	COMMENCER
à	S	À
venir	Vvn	VENIR
.	Fs	.
Vous	Pp	VOUS
attendiez	Vvc	ATTENDRE
ici	Rg	ICI
cette	Dd	CE
heure	Nc	HEURE|HURE
fortunée	Ag	FORTUNÉ
Où	Vvc	Où
la	Da	LE
réforme	Nc	RÉFORME|RÉFORMÉ
enfin	Rg	ENFIN
doit	Vvc	DEVOIR
être	Vun	ÊTRE
terminée	Ge	TERMINER
.	Fs	.
Depuis	S	DEPUIS
plus	Rg	PLUS
de	S	DE
huit	Nc	HUIT
ans	Nc	AN
nous	Pp	NOUS
attendons	Vvc	ATTENDRE
ce	Dd	CE
jour	Nc	JOUR
Où	Ag	Où
doit	Vvc	DEVOIR
être	Vun	ÊTRE
réglé	Ge	RÉGLER
tout	Di	TOUT
langage	Nc	LANGAGE
de	S	DE
Cour	Nc	COUR
.	Fs	.
Mais	Cc	MAIS
que	Cs	QUE
les	Da	LE
ignorants	Nc	IGNORANT
vont	Vvc	ALLER
nous	Pp	NOUS
dire	Vvn	DIRE
d'	S	DE
injures	Nc	INJURE
!	Fs	!
Nous	Pp	NOUS
saurons	Vvc	SAURER|SAVOIR
mépriser	Vvn	MÉPRISER
de	S	DE
sots	Ag	SOT
et	Cc	ET
vains	Ag	VAIN
murmures	Nc	MURMURE
.	Fs	.
Nous	Pp	NOUS
allons	Vvc	ALLER
bientôt	Rg	BIENTÔT
voir	Vvn	VOIR
un	Dn	UN
de	S	DE
nos	Ds	NOTRE
mécontents	Nc	MÉCONTENT
Résolu	Vvc	Résolu
de	S	DE
se	Pp	IL
plaindre	Vvn	PLAINDRE
et	Cc	ET
de	S	DE
nous	Pp	NOUS
et	Cc	ET
du	S+Da	DE+LE
temps	Nc	TEMPS
.	Fs	.
C'	Pd	CE
est	Vuc	ÊTRE
Silhon	Nc	Silhon
irrité	Ge	IRRITER
contre	S	CONTRE
l'	Da	LE
Académie	Nc	Académie
,	Fw	,
Et	Vvc	Et
prêt	Ag	PRÊT
à	S	À
la	Pp	IL
traiter	Vvn	TRAITER
de	S	DE
mortelle	Nc	MORTEL
ennemie	Ag	ENNEMI
.	Fs	.
Et	Cc	ET
de	S	DE
sa	Ds	SON
haine	Nc	HAINE
encore	Rg	ENCORE
quel	Dt	QUEL
est	Vuc	ÊTRE
le	Da	LE
fondement	Nc	FONDEMENT
?	Fs	?
Nous	Pp	NOUS
réformons	Vvc	RÉFORMER
un	Dn	UN
nom	Nc	NOM
propre	Ag	PROPRE
au	S+Da	À+LE
raisonnement	Nc	RAISONNEMENT
,	Fw	,
Il	Vvc	Il
laissera	Vvc	LAISSER
sans	S	SANS
«	Fw	«
OR	Nc	OR
»	Fw	»
tous	Di	TOUT
discours	Nc	DISCOURS
politiques	Ag	POLITIQUE
;	Fw	;
Et	Vvc	Et
n'	Rp	NE
écrira	Vvc	ÉCRIRE
jamais	Rg	JAMAIS
des	Dn	UN
affaires	Nc	AFFAIRE|AFFAIRÉ
publiques	Ag	PUBLIC
.	Fs	.
Silhon	Nc	Silhon
est	Vuc	ÊTRE
violent	Ag	VIOLENT
,	Fw	,
s'	Pp	SE
il	Pp	IL
parle	Vvc	PARLER
contre	S	CONTRE
nous	Pp	NOUS
...	Fs	...
Monsieur	Nc	MONSIEUR
le	Da	LE
Chancellier	Nc	CHANCELIER
calmera	Vvc	CALMER
son	Ds	SON
courroux	Nc	COURROUX
.	Fs	.
Faut-il	Vvc	Faut-il
un	Dn	UN
Chancellier	Nc	CHANCELIER
pour	S	POUR
calmer	Vvn	CALMER
sa	Ds	SON
colère	Nc	COLÈRE
?	Fs	?
Godeau	Nc	Godeau
m'	Pp	JE
a	Vuc	AVOIR
répondu	Ge	RÉPONDRE
d'	S	DE
entreprendre	Vvn	ENTREPRENDRE
l'	Da	LE
affaire	Nc	AFFAIRE|AFFAIRÉ
:	Fw	:
Il	Pp	IL
doit	Vvc	DEVOIR
attaquer	Vvn	ATTAQUER
«	Fw	«
OR	Nc	OR
»	Fw	»
,	Fw	,
qui	Pr	QUI
Silhon	Nc	Silhon
aime	Vvc	AIMER
tant	Rg	TANT
,	Fw	,
Aussi	Ge	Aussi
bien	Rg	BIEN
que	Rg	QUE
«	Fw	«
PARFOIS	Vvc	PARFOIS
»	Fw	»
,	Fw	,
«	Fw	«
POUR	Nc	POUR
CE	Ag	CE
QUE	Vvc	QUE
»	Fw	»
et	Cc	ET
«	Fw	«
D'AUTANT	Ga	D'AUTANT
»	Fw	»
.	Fs	.
À	Vvc	À
dire	Vvn	DIRE
vrai	Ag	VRAI
,	Fw	,
Messieurs	Nc	MONSIEUR
,	Fw	,
c'	Pd	CE
est	Vuc	ÊTRE
une	Dn	UN
chose	Nc	CHOSE
étrange	Ag	ÉTRANGE
;	Fw	;
On	Vvc	On
a	Vuc	AVOIR
beau	Ag	BEAU
mériter	Vvn	MÉRITER
honneur	Nc	HONNEUR
,	Fw	,
gloire	Nc	GLOIRE
,	Fw	,
louange	Nc	LOUANGE
,	Fw	,
Affermir	Nc	AFFERMIR
tant	Rg	TANT
qu'	Cs	QUE
on	Pp	ON
peut	Vvc	POUVOIR
l'	Da	LE
autorité	Nc	AUTORITÉ
des	S+Da	DE+LE|DE+LES
lois	Nc	LOI
,	Fw	,
Faire	Vvc	Faire
service	Nc	SERVICE
à	S	À
Dieu	Nc	DIEU
,	Fw	,
travailler	Vvn	TRAVAILLER
pour	S	POUR
les	Da	LE
rois	Nc	ROI
,	Fw	,
Prescrire	Vvn	PRESCRIRE
le	Da	LE
devoir	Nc	DEVOIR
et	Cc	ET
du	S+Da	DE+LE
peuple	Nc	PEUPLE
et	Cc	ET
des	S+Da	DE+LE|DE+LES
princes	Nc	PRINCE
,	Fw	,
Instruire	Vvc	Instruire
un	Dn	UN
potentat	Nc	POTENTAT
à	S	À
régler	Vvn	RÉGLER
ses	Ds	SON
provinces	Nc	PROVINCE
,	Fw	,
Il	Vvc	Il
faut	Vvc	FAILLIR|FALLOIR
avoir	Vun	AVOIR
l'	Da	LE
affront	Nc	AFFRONT
de	S	DE
vous	Pp	VOUS
des	Dn	UN
esprits	Nc	ESPRIT|ESPRITS
doux	Ag	DOUX
Gagner	Nc	GAGNER
chez	S	CHEZ
nos	Ds	NOTRE
auteurs	Nc	AUTEUR
plus	Rg	PLUS
de	S	DE
crédits	Nc	CRÉDIT
que	Pr	QUE
nous	Pp	NOUS
.	Fs	.
Ce	Pd	CE
n'	Rp	NE
est	Vuc	ÊTRE
pas	Rg	PAS
d'	S	DE
aujourd'hui	Rg	AUJOURD'HUI
qu'	Cs	QUE
on	Pp	ON
voit	Vvc	VOIR
cette	Dd	CE
injustice	Nc	INJUSTICE
.	Fs	.
Ce	Pd	CE
n'	Rp	NE
est	Vuc	ÊTRE
pas	Rg	PAS
d'	S	DE
aujourd'hui	Rg	AUJOURD'HUI
qu'	Cs	QUE
on	Pp	ON
a	Vuc	AVOIR
vu	Ge	VOIR
du	S+Da	DE+LE
caprice	Nc	CAPRICE
.	Fs	.
Les	Da	LE
siècles	Nc	SIÈCLE
,	Fw	,
Boisrobert	Nc	Boisrobert
,	Fw	,
sont	Vuc	ÊTRE
assez	Rg	ASSEZ
différents	Ag	DIFFÉRENT
;	Fw	;
On	Vvc	On
blâmait	Vvc	BLÂMER
autrefois	Rg	AUTREFOIS
les	Da	LE
hommes	Nc	HOMME
ignorants	Ag	IGNORANT
;	Fw	;
La	Vvc	La
science	Nc	SCIENCE
aujourd'hui	Rg	AUJOURD'HUI
donne	Vvc	DONNER
fort	Rg	FORT
peu	Rg	PEU
d'	S	DE
estime	Nc	ESTIME
.	Fs	.
En	S	EN
savoir	Vvn	SAVOIR
plus	Rg	PLUS
que	Cs	QUE
vous	Pp	VOUS
,	Fw	,
n'	Rp	NE
est	Vuc	ÊTRE
pas	Rg	PAS
un	Dn	UN
petit	Ag	PETIT
crime	Nc	CRIME
.	Fs	.
J'	Pp	JE
aime	Vvc	AIMER
les	Da	LE
ignorants	Nc	IGNORANT
d'	S	DE
avoir	Vun	AVOIR
tant	Rg	TANT
de	S	DE
bonheur	Nc	BONHEUR
.	Fs	.
Vous	Pp	VOUS
n'	Rp	NE
avez	Vuc	AVOIR
pas	Rg	PAS
manque	Vvc	MANQUER
d'	S	DE
acquérir	Vvn	ACQUÉRIR
cet	Dd	CE
honneur	Nc	HONNEUR
.	Fs	.
Eh	I	EH
!	Fs	!
Pour	S	POUR
l'	Da	LE
amour	Nc	AMOUR
de	S	DE
moi	Pp	JE
,	Fw	,
finissez	Vvc	FINIR
la	Da	LE
querelle	Nc	QUERELLE
:	Fw	:
Soyons	Vuc	ÊTRE
,	Fw	,
soyons	Vuc	ÊTRE
unis	Ge	UNIR
d'	S	DE
une	Dn	UN
amitié	Nc	AMITIÉ
fidèle	Ag	FIDÈLE
.	Fs	.
Encore	Rg	ENCORE
,	Fw	,
Monsieur	Ag	Monsieur
Silhon	Nc	Silhon
,	Fw	,
de	S	DE
quoi	Pr	QUE|QUOI
vous	Pp	VOUS
plaignez	Vvc	PLAINDRE
-vous	Nc	-vous
?	Fs	?
Un	Dn	UN
mot	Nc	MOT
qu'	Pr	QUE
on	Pp	ON
veut	Vvc	VOULOIR
changer	Vvn	CHANGER
lui	Pp	IL
donne	Vvc	DONNER
le	Da	LE
courroux	Nc	COURROUX
.	Fs	.
C'	Pd	CE
est	Vuc	ÊTRE
un	Dn	UN
mot	Nc	MOT
,	Fw	,
il	Pp	IL
est	Vuc	ÊTRE
vrai	Ag	VRAI
,	Fw	,
mais	Cc	MAIS
de	S	DE
grande	Ag	GRAND
importance	Nc	IMPORTANCE
.	Fs	.
On	Pp	ON
pourrait	Vvc	POUVOIR
s'	Cs	SI
en	S	EN
passer	Vvn	PASSER
bien	Rg	BIEN
mieux	Rg	MIEUX
que	Cs	QUE
finance	Nc	FINANCE
.	Fs	.
Il	Pp	IL
est	Vuc	ÊTRE
pourtant	Rg	POURTANT
utile	Ag	UTILE
et	Cc	ET
le	Pp	IL
sera	Vuc	ÊTRE
toujours	Rg	TOUJOURS
.	Fs	.
On	Pp	ON
trouve	Vvc	TROUVER
bien	Rg	BIEN
sa	Ds	SON
place	Nc	PLACE|PLACÉ
en	S	EN
de	Dn	UN
graves	Ag	GRAVE
discours	Nc	DISCOURS
.	Fs	.
En	S	EN
affaire	Nc	AFFAIRE|AFFAIRÉ
,	Fw	,
au	S+Da	À+LE
barreau	Nc	BARREAU
,	Fw	,
dans	S	DANS
la	Da	LE
théologie	Nc	THÉOLOGIE
,	Fw	,
«	Fw	«
OR	Nc	OR
»	Fw	»
est	Vuc	ÊTRE
fort	Rg	FORT
positif	Ag	POSITIF
et	Cc	ET
de	Dn	UN
grande	Ag	GRAND
énergie	Nc	ÉNERGIE
.	Fs	.
Je	Pp	JE
vois	Vvc	ALLER|VOIR
venir	Vvn	VENIR
à	S	À
nous	Pp	NOUS
la	Da	LE
Sibylle	Nc	SIBYLLE
Gournai	Vvc	Gournai
!	Fs	!
Quel	Dt	QUEL
supplice	Nc	SUPPLICE
,	Fw	,
bon	Ag	BON
Dieu	Nc	DIEU
,	Fw	,
m'	Pp	JE
avez	Vuc	AVOIR
-vous	Nc	-vous
ordonné	Ge	ORDONNER
!	Fs	!
Elle	Pp	IL
mérite	Vvc	MÉRITER
bien	Rg	BIEN
que	Cs	QUE
vous	Pp	VOUS
fassiez	Vvc	FAIRE
cas	Nc	CAS
d'	S	DE
elle	Pp	IL
.	Fs	.
À	Vvc	À
soixante	Nc	SOIXANTE
dix	Nc	DIX
ans	Nc	AN
,	Fw	,
elle	Pp	IL
est	Vuc	ÊTRE
encore	Rg	ENCORE
pucelle	Nc	PUCEAU
.	Fs	.
Je	Pp	JE
vous	Pp	VOUS
ai	Vuc	AVOIR
bien	Rg	BIEN
cherché	Ge	CHERCHER
,	Fw	,
Monsieur	Nc	MONSIEUR
le	Da	LE
président	Nc	PRÉSIDENT
.	Fs	.
Baissez	Vvc	BAISSER
-vous	Nc	-vous
,	Fw	,
Boisrobert	Nc	Boisrobert
,	Fw	,
et	Cc	ET
ramassez	Vvc	RAMASSER
sa	Ds	SON
dent	Nc	DENT
.	Fs	.
C'	Pd	CE
est	Vuc	ÊTRE
une	Dn	UN
grosse	Ag	GROS
dent	Nc	DENT
qui	Pr	QUI
vous	Pp	VOUS
était	Vuc	ÊTRE
tombée	Ge	TOMBER
Et	Vvc	Et
qu'	Cs	QUE
un	Dn	UN
autre	Pi	AUTRE
que	Pr	QUE
moi	Pp	JE
vous	Pp	VOUS
avait	Vuc	AVOIR
dérobée	Ge	DÉROBER
.	Fs	.
Montagne	Nc	MONTAGNE
en	Pp	EN
perdit	Vvc	PERDRE
une	Pi	UN
,	Fw	,
âgé	Ag	ÂGÉ
de	S	DE
soixante	Nc	SOIXANTE
ans	Nc	AN
.	Fs	.
J'	Pp	JE
aime	Vvc	AIMER
à	S	À
lui	Pp	IL
ressembler	Vvn	RESSEMBLER
,	Fw	,
même	Rg	MÊME
à	S	À
perdre	Vvn	PERDRE
ses	Ds	SON
dents	Nc	DENT
.	Fs	.
Mais	Cc	MAIS
apprenez	Vvc	APPRENDRE
de	S	DE
lui	Pp	IL
que	Cs	QUE
par	S	PAR
toute	Di	TOUT
la	Da	LE
Grèce	Nc	Grèce
,	Fw	,
C'	Vvc	C'
était	Vuc	ÊTRE
comme	S	COMME
un	Dn	UN
devoir	Nc	DEVOIR
d'	S	DE
honorer	Vvn	HONORER
la	Da	LE
vieillesse	Nc	VIEILLESSE
.	Fs	.
Et	Cc	ET
le	Da	LE
vieil	Ag	VIEUX
âge	Nc	ÂGE
en	Pp	EN
vous	Pp	VOUS
sera	Vuc	ÊTRE
peu	Rg	PEU
respecté	Ge	RESPECTER
,	Fw	,
Si	Vvc	Si
vous	Pp	VOUS
en	Pp	EN
usez	Vvc	USER
mal	Rg	MAL
dans	S	DANS
la	Da	LE
virilité	Nc	VIRILITÉ
.	Fs	.
Montagne	Nc	MONTAGNE
s'	Pp	SE
employait	Vvc	EMPLOYER
à	S	À
corriger	Vvn	CORRIGER
le	Da	LE
vice	Nc	VICE
,	Fw	,
Et	Vvc	Et
bien	Rg	BIEN
connaître	Vvn	CONNAÎTRE
l'	Da	LE
homme	Nc	HOMME
était	Vuc	ÊTRE
son	Ds	SON
exercice	Nc	EXERCICE
:	Fw	:
Il	Pp	IL
n'	Rp	NE
aurait	Vuc	AVOIR
pas	Rg	PAS
""""	Fw	""""
cuidé	Vvc	cuidé
""""	Fw	""""
pourvoir	Vvn	POURVOIR
tirer	Vvn	TIRER
grand	Ag	GRAND
""""	Fw	""""
los	Nc	los
""""	Fw	""""
Du	Vvc	Du
stérile	Ag	STÉRILE
""""	Fw	""""
labeur	Nc	LABEUR
""""	Fw	""""
de	S	DE
réformer	Vvn	RÉFORMER
les	Da	LE
mots	Nc	MOT|MOTS
.	Fs	.
Vous	Pp	VOUS
fûtes	Vuc	ÊTRE
ennemie	Ag	ENNEMI
en	S	EN
tout	Di	TOUT
temps	Nc	TEMPS
du	S+Da	DE+LE
langage	Nc	LANGAGE
.	Fs	.
Le	Pp	IL
""""	Fw	""""
sens	Vvc	SENTIR
""""	Fw	""""
,	Fw	,
à	S	À
mon	Ds	MON
avis	Nc	AVIS
,	Fw	,
vous	Pp	VOUS
eût	Vuc	AVOIR
rendu	Ge	RENDRE
plus	Rg	PLUS
sage	Ag	SAGE
.	Fs	.
Avec	S	AVEC
tous	Di	TOUT
mes	Ds	MON
vieux	Ag	VIEUX
mots	Nc	MOT|MOTS
,	Fw	,
encore	Rg	ENCORE
ma	Ds	MON
raison	Nc	RAISON
,	Fw	,
Parmi	Nc	Parmi
les	Da	LE
gens	Nc	GENS|GENT
sensés	Ag	SENSÉ
se	Pp	IL
trouve	Vvc	TROUVER
de	S	DE
saison	Nc	SAISON
.	Fs	.
Je	Pp	JE
l'	Pp	IL
avoue	Vvc	AVOUER
aisément	Rg	AISÉMENT
;	Fw	;
et	Cc	ET
votre	Ds	VOTRE
expérience	Nc	EXPÉRIENCE
,	Fw	,
Nymphe	Nc	NYMPHE
des	S+Da	DE+LE|DE+LES
premiers	Ag	PREMIER
ans	Nc	AN
,	Fw	,
vaut	Vvc	VALOIR
mieux	Rg	MIEUX
que	Cs	QUE
la	Da	LE
science	Nc	SCIENCE
.	Fs	.
On	Pp	ON
méprisait	Vvc	MÉPRISER
un	Dn	UN
fourbe	Nc	FOURBE
au	S+Da	À+LE
temps	Nc	TEMPS
que	Pr	QUE
je	Pp	JE
vous	Pp	VOUS
dis	Vvc	DIRE
;	Fw	;
Boisrobert	Nc	Boisrobert
le	Da	LE
plaisant	Nc	PLAISANT
eût	Vuc	AVOIR
été	Ge	ÊTRE
gueux	Nc	GUEUX
""""	Fw	""""
jadis	Rg	JADIS
""""	Fw	""""
;	Fw	;
Et	Vvc	Et
Montagne	Nc	MONTAGNE
et	Cc	ET
Charron	Nc	CHARRON
avaient	Vuc	AVOIR
l'	Da	LE
âme	Nc	ÂME
trop	Rg	TROP
forte	Ag	FORT
Pour	Nc	POUR
demeurer	Vvn	DEMEURER
toujours	Rg	TOUJOURS
en	S	EN
""""	Fw	""""
recoin	Nc	RECOIN
""""	Fw	""""
d'	S	DE
une	Dn	UN
porte	Nc	PORTE|PORTÉ
,	Fw	,
""""	Fw	""""
Aucuper	Nc	Aucuper
""""	Fw	""""
jour	Nc	JOUR
et	Cc	ET
nuit	Nc	NUIT
leur	Ds	LEUR
plus	Rg	PLUS
grand	Ag	GRAND
ennemis	Nc	ENNEMI
,	Fw	,
Et	Vvc	Et
les	Da	LE
grands	Nc	GRAND
de	S	DE
la	Da	LE
Cour	Nc	COUR
être	Vun	ÊTRE
valets	Nc	VALET
soumis	Ge	SOUMETTRE
.	Fs	.
Ce	Pd	CE
sont	Vuc	ÊTRE
là	Rg	LÀ
raisons	Nc	RAISON
que	Cs	QUE
le	Da	LE
démon	Nc	DÉMON
vous	Pp	VOUS
dicte	Vvc	DICTER
.	Fs	.
Comment	Rt	COMMENT
,	Fw	,
vieille	Nc	VIEILLE|VIEUX
Gournai	Vvc	Gournai
;	Fw	;
vous	Pp	VOUS
aimez	Vvc	AIMER
la	Pp	IL
""""	Fw	""""
vindicte	Nc	VINDICTE
""""	Fw	""""
?	Fs	?
Qui	Pr	QUI
vous	Pp	VOUS
fait	Vvc	FAIRE
""""	Fw	""""
détracter	Vvn	DÉTRACTER
""""	Fw	""""
?	Fs	?
Qui	Pr	QUI
vous	Pp	VOUS
met	Vvc	METTRE
en	Pp	EN
""""	Fw	""""
courroux	Nc	COURROUX
""""	Fw	""""
?	Fs	?
Montagne	Nc	MONTAGNE
haïssait	Vvc	HAÏR
les	Da	LE
menteurs	Nc	MENTEUR
et	Cc	ET
les	Da	LE
fous	Nc	FOU
.	Fs	.
Poursuivez	Vvc	POURSUIVRE
,	Fw	,
""""	Fw	""""
savanteaux	Nc	savanteaux
""""	Fw	""""
,	Fw	,
à	S	À
réformer	Vvn	RÉFORMER
la	Da	LE
langue	Nc	LANGUE
.	Fs	.
Allez	I	ALLEZ
-vous	Nc	-vous
-en	Vvc	-en
ailleurs	Rg	AILLEURS
faire	Vvn	FAIRE
votre	Ds	VOTRE
harangue	Nc	HARANGUE
.	Fs	.
Ôtez	Nc	Ôtez
""""	Fw	""""
moult	Rg	MOULT
""""	Fw	""""
et	Cc	ET
""""	Fw	""""
jaçait	Vvc	jaçait
""""	Fw	""""
,	Fw	,
bien	Rg	BIEN
que	Cs	QUE
mal	Rg	MAL
à	S	À
propos	Nc	PROPOS
,	Fw	,
Mais	Vvc	Mais
laissez	Vvc	LAISSER
,	Fw	,
pour	S	POUR
le	Da	LE
mois	Nc	MOI|MOIS
""""	Fw	""""
blandice	Nc	BLANDICE
,	Fw	,
""""	Fw	""""
angoisse	Nc	ANGOISSE|ANGOISSÉ
""""	Fw	""""
,	Fw	,
et	Cc	ET
""""	Fw	""""
los	Nc	los
""""	Fw	""""
.	Fs	.
""""	Fw	""""
Tout	Pi	TOUT
ainsi	Rg	AINSI
""""	Fw	""""
que	Cs	QUE
l'	Da	LE
esprit	Nc	ESPRIT
est	Vuc	ÊTRE
vague	Ag	VAGUE
et	Cc	ET
""""	Fw	""""
contournable	Ag	contournable
""""	Fw	""""
.	Fs	.
De	S	DE
même	Rg	MÊME
le	Da	LE
discours	Nc	DISCOURS
doit	Vvc	DEVOIR
être	Vun	ÊTRE
variable	Ag	VARIABLE
.	Fs	.
Les	Da	LE
termes	Nc	TERME
ont	Vuc	AVOIR
le	Da	LE
sort	Nc	SORT
qu'	Pr	QUE
on	Pp	ON
voit	Vvc	VOIR
au	S+Da	À+LE
genre	Nc	GENRE
humain	Ag	HUMAIN
;	Fw	;
Un	Vvc	Un
mot	Nc	MOT
vit	Vvc	VIVRE|VOIR
aujourd'hui	Rg	AUJOURD'HUI
,	Fw	,
qui	Pr	QUI
périra	Vvc	PÉRIR
demain	Rg	DEMAIN
.	Fs	.
L'	Da	LE
usage	Nc	USAGE
parmi	S	PARMI
nous	Pp	NOUS
est	Vuc	ÊTRE
fort	Ag	FORT
""""	Fw	""""
ambulatoire	Ag	AMBULATOIRE
""""	Fw	""""
.	Fs	.
Vous	Pp	VOUS
raillez	Vvc	RAILLER
sottement	Rg	SOTTEMENT
la	Da	LE
vérité	Nc	VÉRITÉ
""""	Fw	""""
notoire	Ag	NOTOIRE
""""	Fw	""""
.	Fs	.
Il	Pp	IL
mourra	Vvc	MOURIR
,	Fw	,
""""	Fw	""""
tout	Pi	TOUT
ainsi	Rg	AINSI
""""	Fw	""""
,	Fw	,
que	Cs	QUE
je	Pp	JE
vois	Vvc	ALLER|VOIR
méprisé	Ge	MÉPRISER
:	Fw	:
Mais	Cc	MAIS
devant	S	DEVANT
lui	Pp	IL
mourront	Vvc	MOURIR
les	Da	LE
vers	Nc	VER|VERS|VERT
de	S	DE
Serisay	Vvc	Serisay
.	Fs	.
C'	Pd	CE
est	Vuc	ÊTRE
aujourd'hui	Rg	AUJOURD'HUI
,	Fw	,
Messieurs	Nc	MONSIEUR
,	Fw	,
qu'	Cs	QUE
on	Pp	ON
révèle	Vvc	RÉVÉLER
la	Da	LE
France	Nc	France
Les	Vvc	Les
mystères	Nc	MYSTÈRE
secrets	Ag	SECRET
de	S	DE
la	Da	LE
vraie	Ag	VRAI
éloquence	Nc	ÉLOQUENCE
.	Fs	.
Les	Pp	ILS
Muses	Vvc	MUSER
,	Fw	,
qui	Pr	QUI
du	S+Da	DE+LE
ciel	Nc	CIEL
ont	Vuc	AVOIR
descendu	Ge	DESCENDRE
chez	S	CHEZ
nous	Pp	NOUS
,	Fw	,
Vous	Nc	Vous
rendent	Vvc	RENDRE
par	S	PAR
ma	Ds	MON
bouche	Nc	BOUCHE
un	Dn	UN
oracle	Nc	ORACLE
si	Rg	SI
doux	Ag	DOUX
.	Fs	.
C'	Pd	CE
est	Vuc	ÊTRE
à	S	À
tort	Nc	TORT
,	Fw	,
grands	Ag	GRAND
auteurs	Nc	AUTEUR
,	Fw	,
que	Cs	QUE
la	Da	LE
Grèce	Nc	Grèce
se	Pp	IL
vante	Vvc	VANTER
;	Fw	;
La	Vvc	La
Rome	Vvc	Rome
des	Dn	UN
Latins	Nc	LATIN
n'	Rp	NE
est	Vuc	ÊTRE
plus	Rg	PLUS
la	Da	LE
triomphante	Ga	TRIOMPHER
;	Fw	;
L'	Vvc	L'
Italie	Nc	Italie
aujourd'hui	Rg	AUJOURD'HUI
tombe	Vvc	TOMBER
dans	S	DANS
le	Da	LE
mépris	Nc	MÉPRIS
,	Fw	,
Et	Vvc	Et
les	Da	LE
Muses	Nc	MUSE
n'	Rp	NE
ont	Vuc	AVOIR
plus	Rg	PLUS
de	S	DE
séjour	Nc	SÉJOUR
qu'	Cs	QUE
à	S	À
Paris	Nc	PARI
.	Fs	.
Qui	Pt	QUI
croirait	Vvc	CROIRE
,	Fw	,
Monseigneur	Nc	MONSEIGNEUR
,	Fw	,
que	Cs	QUE
ces	Dd	CE
enchanteresses	Nc	ENCHANTEUR
,	Fw	,
Que	Vvc	Que
les	Da	LE
neuf	Nc	NEUF
belles	Ag	BEAU
soeurs	Nc	SUR
,	Fw	,
nos	Ds	NOTRE
divines	Ag	DIVIN
maîtresses	Nc	MAÎTRE|MAÎTRESSE
,	Fw	,
Vinssent	Vvc	VENIR
ici	Rg	ICI
flatter	Vvn	FLATTER
nos	Ds	NOTRE
esprits	Nc	ESPRIT|ESPRITS
et	Cc	ET
nos	Ds	NOTRE
sens	Nc	SENS
,	Fw	,
Si	Vvc	Si
vous	Pp	VOUS
n'	Rp	NE
aviez	Vuc	AVOIR
aimé	Ge	AIMER
leurs	Ds	LEUR
charmes	Nc	CHARME
innocents	Ag	INNOCENT
?	Fs	?
Vous	Pp	VOUS
voyez	Vvc	VOIR
les	Da	LE
choses	Nc	CHOSE
futures	Ag	FUTUR
,	Fw	,
Malgré	Vvc	Malgré
les	Da	LE
nuits	Nc	NUIT
les	Da	LE
plus	Rg	PLUS
obscures	Ag	OBSCUR
Qui	Nc	Qui
couvrent	Vvc	COUVRIR
le	Da	LE
bien	Nc	BIEN
de	S	DE
l'	Da	LE
État	Nc	État
,	Fw	,
Vous	Nc	Vous
voyez	Vvc	VOIR
tout	Pi	TOUT
ce	Pd	CE
qu'	Pr	QUE
il	Pp	IL
faut	Vvc	FAILLIR|FALLOIR
faire	Vvn	FAIRE
,	Fw	,
Au	Vvc	Au
rebours	Nc	REBOURS
du	S+Da	DE+LE
sens	Nc	SENS
populaire	Ag	POPULAIRE
,	Fw	,
Pour	Nc	POUR
maintenir	Vvn	MAINTENIR
le	Da	LE
potentat	Nc	POTENTAT
.	Fs	.
Superbes	Ag	SUPERBE
filles	Nc	FILLE
de	S	DE
Mémoire	Nc	Mémoire
,	Fw	,
Venez	Vvc	VENIR
accroître	Vvn	ACCROÎTRE
mon	Ds	MON
ardeur	Nc	ARDEUR
;	Fw	;
Je	Vvc	Je
vais	Vvc	ALLER
travailler	Vvn	TRAVAILLER
à	S	À
la	Da	LE
gloire	Nc	GLOIRE
D'	Nc	D'
une	Dn	UN
incomparable	Ag	INCOMPARABLE
grandeur	Nc	GRANDEUR
...	Fs	...
Que	Vvc	Que
le	Da	LE
style	Nc	STYLE
élevé	Ge	ÉLEVER
me	Pp	JE
paraît	Vvc	PARAÎTRE
incommode	Ag	INCOMMODE
!	Fs	!
Je	Pp	JE
n'	Rp	NE
ai	Vuc	AVOIR
pas	Rg	PAS
le	Da	LE
talent	Nc	TALENT
qu'	Pr	QUE
il	Pp	IL
faut	Vvc	FAILLIR|FALLOIR
pour	S	POUR
faire	Vvn	FAIRE
une	Dn	UN
ode	Nc	ODE
.	Fs	.
Que	Cs	QUE
chacun	Pi	CHACUN
se	Pp	IL
réduise	Vvc	RÉDUIRE
au	S+Da	À+LE
mérite	Nc	MÉRITE
d'	S	DE
auteur	Nc	AUTEUR
.	Fs	.
J'	Pp	JE
estime	Vvc	ESTIMER
le	Da	LE
savant	Ag	SAVANT
et	Cc	ET
je	Pp	JE
hais	Vvc	HAÏR
le	Da	LE
flatteur	Nc	FLATTEUR
.	Fs	.
Mes	Ds	MON
louanges	Nc	LOUANGE
,	Fw	,
Messieurs	Nc	MONSIEUR
,	Fw	,
ne	Rp	NE
sont	Vuc	ÊTRE
pas	Rg	PAS
nécessaires	Ag	NÉCESSAIRE
,	Fw	,
Et	Vvc	Et
vous	Pp	VOUS
avez	Vuc	AVOIR
ici	Rg	ICI
de	S	DE
plus	Rg	PLUS
grandes	Ag	GRAND
affaires	Nc	AFFAIRE|AFFAIRÉ
.	Fs	.
Porchères	Nc	Porchères
semble	Vvc	SEMBLER
avoir	Vun	AVOIR
dessein	Nc	DESSEIN
de	S	DE
nous	Pp	NOUS
parler	Vvn	PARLER
.	Fs	.
Quatre	Nc	QUATRE
mots	Nc	MOT|MOTS
seulement	Rg	SEULEMENT
,	Fw	,
Messieurs	Nc	MONSIEUR
;	Fw	;
puis	Cs	PUIS
m'	Pp	JE
en	Pp	EN
aller	Vvn	ALLER
.	Fs	.
Monsieur	Nc	MONSIEUR
de	S	DE
Colomby	Ge	Colomby
m'	Pp	JE
a	Vuc	AVOIR
chargé	Ge	CHARGER
de	S	DE
vous	Pp	VOUS
dire	Vvn	DIRE
Que	Vvc	Que
las	Ag	LAS
de	S	DE
ses	Ds	SON
emplois	Nc	EMPLOI
enfin	Rg	ENFIN
il	Pp	IL
se	Pp	IL
retire	Vvc	RETIRER
;	Fw	;
Et	Vvc	Et
cous	Nc	COU
saurez	Vvc	SAURER|SAVOIR
aussi	Rg	AUSSI
,	Fw	,
qu'	Cs	QUE
ennuyé	Ge	ENNUYER
à	S	À
la	Da	LE
Cour	Nc	COUR
,	Fw	,
Je	Vvc	Je
vais	Vvc	ALLER
chercher	Vvn	CHERCHER
ailleurs	Rg	AILLEURS
un	Dn	UN
tranquille	Ag	TRANQUILLE
séjour	Nc	SÉJOUR
.	Fs	.
Vous	Pp	VOUS
nous	Pp	NOUS
voyez	Vvc	VOIR
pensifs	Ag	PENSIF
,	Fw	,
mornes	Nc	MORNE
et	Cc	ET
taciturnes	Ag	TACITURNE
,	Fw	,
De	Vvc	De
perdre	Vvn	PERDRE
l'	Da	LE
intendant	Nc	INTENDANT
,	Fw	,
de	S	DE
nos	Ds	NOTRE
""""	Fw	""""
Plaisirs	Nc	PLAISIR
nocturnes	Ag	NOCTURNE
""""	Fw	""""
;	Fw	;
Et	Vvc	Et
vous	Pp	VOUS
ferez	Vvc	FAIRE|FERRER
savoir	Vvn	SAVOIR
,	Fw	,
au	S+Da	À+LE
muet	Ag	MUET
orateur	Nc	ORATEUR
""""	Fw	""""
Des	Vvc	Des
affaires	Nc	AFFAIRE|AFFAIRÉ
d'	S	DE
État	Nc	État
""""	Fw	""""
,	Fw	,
le	Da	LE
fond	Nc	FOND
de	S	DE
notre	Ds	NOTRE
cour	Nc	COUR
.	Fs	.
Nous	Pp	NOUS
regrettons	Vvc	REGRETTER
beaucoup	Rg	BEAUCOUP
un	Dn	UN
si	Rg	SI
grand	Ag	GRAND
personnage	Nc	PERSONNAGE
,	Fw	,
Et	Vvc	Et
ne	Rp	NE
suivrons	Vvc	SUIVRE
pas	Rg	PAS
moins	Rg	MOINS
notre	Ds	NOTRE
important	Ag	IMPORTANT
ouvrage	Nc	OUVRAGE
.	Fs	.
Je	Pp	JE
ne	Rp	NE
vois	Vvc	ALLER|VOIR
point	Rg	POINT
ici	Rg	ICI
Saint-Amant	Ga	Saint-Amant
ni	Cc	NI
Faret	Nc	Faret
:	Fw	:
Que	Pr	QUE
sont	Vuc	ÊTRE
-ils	Ge	-ils
devenus	Ge	DEVENIR
?	Fs	?
Ils	Pp	ILS
sont	Vuc	ÊTRE
au	S+Da	À+LE
cabaret	Nc	CABARET
.	Fs	.
Ils	Pp	ILS
sont	Vuc	ÊTRE
au	S+Da	À+LE
cabaret	Nc	CABARET
!	Fs	!
Messieurs	Nc	MONSIEUR
,	Fw	,
quelle	Dt	QUEL
impudence	Nc	IMPUDENCE
!	Fs	!
Vous	Pp	VOUS
voyez	Vvc	VOIR
parmi	S	PARMI
nous	Pp	NOUS
un	Dn	UN
CHANCELIER	Nc	CHANCELIER
DE	Vvc	DE
FRANCE	Nc	FRANCE
,	Fw	,
Qui	Vvc	Qui
vient	Vvc	VENIR
de	S	DE
son	Ds	SON
logis	Nc	LOGIS
en	S	EN
ce	Dd	CE
méchant	Ag	MÉCHANT
quartier	Nc	QUARTIER
,	Fw	,
Sachant	Ga	SAVOIR
bien	Rg	BIEN
le	Da	LE
respect	Nc	RESPECT
que	Pr	QUE
l'	Pp	IL
on	Pp	ON
doit	Vvc	DEVOIR
à	S	À
son	Ds	SON
métier	Nc	MÉTIER
;	Fw	;
Et	Vvc	Et
ces	Dd	CE
vieux	Ag	VIEUX
débauchés	Nc	DÉBAUCHÉ
,	Fw	,
au	S+Da	À+LE
mépris	Nc	MÉPRIS
de	S	DE
la	Da	LE
gloire	Nc	GLOIRE
,	Fw	,
Lorsque	Vvc	Lorsque
nous	Pp	NOUS
travaillons	Vvc	TRAVAILLER
,	Fw	,
font	Vvc	FAIRE
leur	Ds	LEUR
plaisir	Nc	PLAISIR
de	S	DE
boire	Vvn	BOIRE
!	Fs	!
Je	Pp	JE
vois	Vvc	ALLER|VOIR
entre	S	ENTRE
Faret	Nc	Faret
suivi	Ge	SUIVRE
de	S	DE
Saint-Amant	Ga	Saint-Amant
.	Fs	.
Et	Cc	ET
,	Fw	,
si	Cs	SI
je	Pp	JE
ne	Rp	NE
me	Pp	JE
trompe	Vvc	TROMPER
,	Fw	,
ils	Pp	ILS
ont	Vuc	AVOIR
bu	Ge	BOIRE
largement	Rg	LARGEMENT
.	Fs	.
Pour	S	POUR
tout	Di	TOUT
emploi	Nc	EMPLOI
chez	S	CHEZ
vous	Pp	VOUS
,	Fw	,
Seigneurs	Nc	SEIGNEUR
Académiques	Ag	Académiques
,	Fw	,
Nous	Vvc	Nous
serons	Vuc	ÊTRE
vos	Ds	VOTRE
buveurs	Nc	BUVEUR
et	Cc	ET
vos	Ds	VOTRE
poètes	Nc	POÈTE
bacchiques	A	BACHIQUE
.	Fs	.
Nous	Pp	NOUS
perdons	Vvc	PERDRE
le	Da	LE
respect	Nc	RESPECT
,	Fw	,
mais	Cc	MAIS
,	Fw	,
ô	I	OH
grand	Ag	GRAND
chancelier	Nc	CHANCELIER
!	Fs	!
Vous	Pp	VOUS
aurez	Vuc	AVOIR
la	Da	LE
bonté	Nc	BONTÉ
de	S	DE
vouloir	Vvn	VOULOIR
l'	Da	LE
oublier	Vvn	OUBLIER
.	Fs	.
Il	Pp	IL
ne	Rp	NE
vous	Pp	VOUS
reste	Vvc	RESTER
plus	Rg	PLUS
qu'	Cs	QUE
à	S	À
parler	Vvn	PARLER
de	S	DE
la	Da	LE
guerre	Nc	GUERRE
,	Fw	,
Qui	Vvc	Qui
,	Fw	,
dans	S	DANS
les	Da	LE
cabarets	Nc	CABARET
,	Fw	,
se	Pp	IL
fait	Vvc	FAIRE
à	S	À
coups	Nc	COUP
de	S	DE
verre	Nc	VERRE
.	Fs	.
Qu'	Cs	QUE
à	S	À
dire	Vvn	DIRE
des	Dn	UN
chansons	Nc	CHANSON
qui	Pr	QUI
vantent	Vvc	VANTER
la	Da	LE
liqueur	Nc	LIQUEUR
Dont	Vvc	Dont
le	Da	LE
poète	Nc	POÈTE
Bacchus	Ag	Bacchus
réjouit	Vvc	RÉJOUIR
votre	Ds	VOTRE
cour	Nc	COUR
.	Fs	.
Prenez	Vvc	PRENDRE
soin	Nc	SOIN
de	S	DE
notre	Ds	NOTRE
langage	Nc	LANGAGE
,	Fw	,
Auteurs	Ag	Auteurs
polis	Nc	POLI
et	Cc	ET
curieux	Ag	CURIEUX
,	Fw	,
Et	Vvc	Et
nous	Pp	NOUS
laisser	Vvn	LAISSER
le	Da	LE
doux	Ag	DOUX
usage	Nc	USAGE
D'	Nc	D'
un	Dn	UN
vin	Nc	VIN
frais	Ag	FRAIS
et	Cc	ET
délicieux	Ag	DÉLICIEUX
.	Fs	.
Que	Cs	QUE
d'	S	DE
Apollon	Nc	APOLLON
la	Da	LE
docte	Ag	DOCTE
troupe	Nc	TROUPE
Vieillisse	Vvc	VIEILLIR
à	S	À
réformer	Vvn	RÉFORMER
les	Da	LE
mots	Nc	MOT|MOTS
;	Fw	;
Celle	Vvc	Celle
de	S	DE
Bacchus	Nc	Bacchus
,	Fw	,
dans	S	DANS
la	Da	LE
coupe	Nc	COUPE|COUPÉ
,	Fw	,
Ira	Vvc	ALLER
cherche	Vvc	CHERCHER
sa	Ds	SON
joie	Nc	JOIE
et	Cc	ET
trouver	Vvn	TROUVER
le	Da	LE
repos	Nc	REPOS
.	Fs	.
Si	Cs	SI
l'	Da	LE
esprit	Nc	ESPRIT
de	S	DE
la	Da	LE
suffisance	Nc	SUFFISANCE
,	Fw	,
Si	Vvc	Si
l'	Da	LE
avantage	Nc	AVANTAGE
de	S	DE
raison	Nc	RAISON
Ne	Ag	Ne
paraissent	Vvc	PARAÎTRE
pas	Rg	PAS
dans	S	DANS
l'	Da	LE
enfance	Nc	ENFANCE
,	Fw	,
Et	Vvc	Et
demeurent	Vvc	DEMEURER
comme	Cs	COMME
en	S	EN
prison	Nc	PRISON
,	Fw	,
C'	Vvc	C'
est	Vuc	ÊTRE
qu'	Cs	QUE
on	Pp	ON
suce	Vvc	SUCER
le	Da	LE
lait	Nc	LAIT
d'	S	DE
une	Dn	UN
pauvre	Ag	PAUVRE
nourrice	Nc	NOURRICE
:	Fw	:
Et	Cc	ET
dieu	Nc	DIEU
qui	Pr	QUI
conduit	Vvc	CONDUIRE
tout	Rg	TOUT
sagement	Rg	SAGEMENT
à	S	À
sa	Ds	SON
fin	Nc	FIN
,	Fw	,
De	Vvc	De
nos	Ds	NOTRE
divins	Ag	DIVIN
talents	Nc	TALENT
réserve	Vvc	RÉSERVER
l'	Da	LE
exercice	Nc	EXERCICE
Pour	Ag	Pour
le	Da	LE
temps	Nc	TEMPS
précieux	Ag	PRÉCIEUX
que	Pr	QUE
nous	Pp	NOUS
buvons	Vvc	BOIRE
du	S+Da	DE+LE
vin	Nc	VIN
.	Fs	.
Nous	Pp	NOUS
sommes	Vuc	ÊTRE
satisfaits	Ge	SATISFAIRE
de	S	DE
vos	Ds	VOTRE
stances	Nc	STANCE
bacchiques	A	BACHIQUE
,	Fw	,
Et	Vvc	Et
vous	Pp	VOUS
êtes	Vuc	ÊTRE
reçus	Ge	RECEVOIR
Buveurs	Nc	BUVEUR
Académiques	Ag	Académiques
.	Fs	.
Mais	Cc	MAIS
de	S	DE
peur	Nc	PEUR
de	S	DE
vieillir	Vvn	VIEILLIR
à	S	À
réformer	Vvn	RÉFORMER
les	Da	LE
mots	Nc	MOT|MOTS
,	Fw	,
Nous	Vvc	Nous
allons	Vvc	ALLER
travailler	Vvn	TRAVAILLER
.	Fs	.
Laissez-nous	Vvc	Laissez-nous
en	S	EN
repos	Nc	REPOS
;	Fw	;
La	Vvc	La
chose	Nc	CHOSE
qui	Pr	QUI
se	Pp	IL
traite	Vvc	TRAITER
est	Vuc	ÊTRE
assez	Rg	ASSEZ
d'	S	DE
importance	Nc	IMPORTANCE
.	Fs	.
Nous	Pp	NOUS
nous	Pp	NOUS
tairons	Vvc	TAIRE
.	Fs	.
Sortez	Vvc	SORTIR
;	Fw	;
C'	Vvc	C'
est	Vuc	ÊTRE
le	Da	LE
mieux	Nc	MIEUX
,	Fw	,
je	Pp	JE
pense	Vvc	PENSER
.	Fs	.
Si	Cs	SI
nous	Pp	NOUS
vous	Pp	VOUS
offensons	Vvc	OFFENSER
,	Fw	,
Monsieur	Nc	MONSIEUR
le	Da	LE
Chancelier	Nc	CHANCELIER
,	Fw	,
Vous	Nc	Vous
aurez	Vuc	AVOIR
la	Da	LE
bonté	Nc	BONTÉ
de	S	DE
vouloir	Vvn	VOULOIR
l'	Da	LE
oublier	Vvn	OUBLIER
.	Fs	.
Enfin	Rg	ENFIN
,	Fw	,
ils	Pp	ILS
sont	Vuc	ÊTRE
sortis	Ge	SORTIR
.	Fs	.
Sans	S	SANS
tarder	Vvn	TARDER
davantage	Rg	DAVANTAGE
,	Fw	,
Réformons	Vvc	Réformons
les	Da	LE
défauts	Nc	DÉFAUT
que	Pr	QUE
l'	Pp	IL
on	Pp	ON
trouve	Vvc	TROUVER
dans	S	DANS
le	Da	LE
langage	Nc	LANGAGE
,	Fw	,
Et	Vvc	Et
d'	S	DE
un	Dn	UN
style	Nc	STYLE
trop	Rg	TROP
vieux	Ag	VIEUX
,	Fw	,
faisons	Vvc	FAIRE
-en	Vvn	-en
un	Dn	UN
nouveau	Ag	NOUVEAU
.	Fs	.
Vous	Pp	VOUS
,	Fw	,
parlez	Vvc	PARLER
le	Da	LE
premier	Nc	PREMIER
,	Fw	,
docte	Ag	DOCTE
et	Cc	ET
sage	Ag	SAGE
Godeau	Nc	Godeau
.	Fs	.
C'	Pd	CE
est	Vuc	ÊTRE
m'	Pp	JE
obliger	Vvn	OBLIGER
beaucoup	Rg	BEAUCOUP
;	Fw	;
et	Cc	ET
cette	Dd	CE
déférence	Nc	DÉFÉRENCE
Serait	Vvc	SERRER
dûe	Ge	DEVOIR
à	S	À
quelqu'autre	Pi	quelqu'autre
avec	S	AVEC
plus	Rg	PLUS
d'	S	DE
apparence	Nc	APPARENCE
.	Fs	.
Vous	Pp	VOUS
êtes	Vuc	ÊTRE
trop	Rg	TROP
modeste	Ag	MODESTE
;	Fw	;
et	Cc	ET
votre	Ds	VOTRE
dignité	Nc	DIGNITÉ
...	Fs	...
Je	Vvc	Je
reçois	Vvc	RECEVOIR
cet	Dd	CE
honneur	Nc	HONNEUR
sans	S	SANS
l'	Pp	IL
avoir	Vun	AVOIR
mérité	Ge	MÉRITER
;	Fw	;
Je	Vvc	Je
le	Pp	IL
dois	Vvc	DEVOIR
purement	Rg	PUREMENT
à	S	À
votre	Ds	VOTRE
courtoisie	Nc	COURTOISIE
.	Fs	.
On	Pp	ON
ne	Rp	NE
saurait	Vvc	SAURER|SAVOIR
avoir	Vun	AVOIR
aucune	Ag	AUCUN
jalousie	Nc	JALOUSIE
.	Fs	.
Je	Pp	JE
dirai	Vvc	DIRE
donc	Rg	DONC
,	Fw	,
Messieurs	Nc	MONSIEUR
,	Fw	,
qu'	Cs	QUE
il	Pp	IL
est	Vuc	ÊTRE
très	Rg	TRÈS
important	Ag	IMPORTANT
.	Fs	.
D'	S	DE
ôter	Vvn	ÔTER
de	S	DE
notre	Ds	NOTRE
Langue	Ag	Langue
OR	Nc	OR
,	Fw	,
POURCE	Nc	POURCE
QUE	Vvc	QUE
,	Fw	,
D'AUTANT	Ga	D'AUTANT
;	Fw	;
C'	Vvc	C'
est	Vuc	ÊTRE
là	Rg	LÀ
mon	Ds	MON
sentiment	Nc	SENTIMENT
.	Fs	.
Vous	Pp	VOUS
me	Pp	JE
voyez	Vvc	VOIR
attendre	Vvn	ATTENDRE
Que	Vvc	Que
quelqu'Émulateur	Ag	quelqu'Émulateur
s'	Pp	SE
apprête	Vvc	APPRÊTER
à	S	À
les	Pp	ILS
défendre	Vvn	DÉFENDRE
.	Fs	.
Silhon	Nc	Silhon
s'	Pp	SE
oppose	Vvc	OPPOSER
enfin	Rg	ENFIN
.	Fs	.
Parlez	Vvc	PARLER
discrètement	Rg	DISCRÈTEMENT
;	Fw	;
Vous	Nc	Vous
,	Fw	,
Monsieur	Nc	MONSIEUR
de	S	DE
Godeau	Nc	Godeau
.	Fs	.
Je	Pp	JE
dis	Vvc	DIRE
premièrement	Rg	PREMIÈREMENT
,	Fw	,
Que	Vvc	Que
ces	Dd	CE
mots	Nc	MOT|MOTS
sont	Vuc	ÊTRE
usés	Ge	USER
,	Fw	,
qu'	Cs	QUE
ils	Pp	ILS
tombent	Vvc	TOMBER
de	S	DE
vieillesse	Nc	VIEILLESSE
;	Fw	;
Et	Vvc	Et
d'ailleurs	Nc	d'ailleurs
il	Pp	IL
s'	Pp	SE
y	Pp	Y
trouve	Vvc	TROUVER
une	Dn	UN
grande	Ag	GRAND
rudesse	Nc	RUDESSE
.	Fs	.
Inepte	Ag	INEPTE
sentiment	Nc	SENTIMENT
!	Fs	!
Absurde	Ag	ABSURDE
vision	Nc	VISION
!	Fs	!
Ces	Dd	CE
mots	Nc	MOT|MOTS
mènent	Vvc	MENER
enfin	Rg	ENFIN
à	S	À
la	Da	LE
conclusion	Nc	CONCLUSION
:	Fw	:
L'	Da	LE
un	Pi	UN
sert	Vvc	SERVIR
à	S	À
résumer	Vvn	RÉSUMER
,	Fw	,
comme	Cs	COMME
à	S	À
la	Da	LE
conséquence	Nc	CONSÉQUENCE
;	Fw	;
Les	Vvc	Les
autres	Pi	AUTRE
,	Fw	,
à	S	À
prouver	Vvn	PROUVER
des	Dn	UN
choses	Nc	CHOSE
d'	S	DE
importance	Nc	IMPORTANCE
.	Fs	.
Le	Da	LE
premier	Nc	PREMIER
sent	Vvc	SENTIR
l'	Da	LE
école	Nc	ÉCOLE
et	Cc	ET
tient	Vvc	TENIR
trop	Rg	TROP
du	S+Da	DE+LE
pédant	Nc	PÉDANT
;	Fw	;
Et	Vvc	Et
tous	Pi	TOUT
ont	Vuc	AVOIR
trop	Rg	TROP
vécu	Ge	VIVRE
.	Fs	.
""""	Fw	""""
Nous	Pp	NOUS
en	Pp	EN
disons	Vvc	DIRE
autant	Rg	AUTANT
""""	Fw	""""
.	Fs	.
Qu'	Cs	QUE
ils	Pp	ILS
soient	Vuc	ÊTRE
bannis	Ge	BANNIR
des	S+Da	DE+LE|DE+LES
vers	Nc	VER|VERS|VERT
et	Cc	ET
conservés	Ge	CONSERVER
en	S	EN
prose	Nc	PROSE
.	Fs	.
Aujourd'hui	Rg	AUJOURD'HUI
prose	Nc	PROSE
et	Cc	ET
vers	Nc	VER|VERS|VERT
sont	Vuc	ÊTRE
une	Dn	UN
même	Ag	MÊME
chose	Nc	CHOSE
.	Fs	.
Il	Pp	IL
est	Vuc	ÊTRE
bien	Rg	BIEN
échauffé	Ge	ÉCHAUFFER
:	Fw	:
qu'	Cs	QUE
on	Pp	ON
lui	Pp	IL
tâte	Vvc	TÂTER
le	Da	LE
pouls	Nc	POULS
.	Fs	.
C'	Pd	CE
est	Vuc	ÊTRE
assez	Rg	ASSEZ
disputé	Ge	DISPUTER
.	Fs	.
Messieurs	Nc	MONSIEUR
,	Fw	,
asseyez	Vvc	ASSEOIR
-vous	Nc	-vous
:	Fw	:
Que	Cs	QUE
quelqu'un	Pi	QUELQU'UN
succède	Vvc	SUCCÉDER
à	S	À
l'	Da	LE
Évêque	Nc	Évêque
de	S	DE
Grasse	Vvc	Grasse
;	Fw	;
Parlez	Vvc	PARLER
,	Fw	,
vous	Pp	VOUS
,	Fw	,
Chapelain	Nc	CHAPELAIN
,	Fw	,
sans	S	SANS
user	Vvn	USER
de	S	DE
préface	Nc	PRÉFACE
.	Fs	.
IL	Pp	IL
CONSTE	Vvc	CONSTE
,	Fw	,
IL	Vvc	IL
NOUS	Ag	NOUS
APPERT	Nc	APPERT
,	Fw	,
sont	Vuc	ÊTRE
termes	Nc	TERME
de	S	DE
barreau	Nc	BARREAU
,	Fw	,
Que	Vvc	Que
leur	Ds	LEUR
antiquité	Nc	ANTIQUITÉ
doit	Vvc	DEVOIR
porter	Vvn	PORTER
au	S+Da	À+LE
tombeau	Nc	TOMBEAU
.	Fs	.
J'	Pp	JE
estime	Vvc	ESTIMER
en	S	EN
Chapelain	Nc	CHAPELAIN
la	Da	LE
bonté	Nc	BONTÉ
de	S	DE
nature	Nc	NATURE
,	Fw	,
Qui	Vvc	Qui
veut	Vvc	VOULOIR
donner	Vvn	DONNER
aux	S+Da	À+LES
mots	Nc	MOT|MOTS
même	Ag	MÊME
la	Da	LE
sépulture	Nc	SÉPULTURE
.	Fs	.
Horace	Ag	Horace
les	Pp	ILS
fait	Vvc	FAIRE
naître	Vvn	NAÎTRE
,	Fw	,
et	Cc	ET
puis	Cs	PUIS
les	Pp	ILS
fait	Vvc	FAIRE
mourir	Vvn	MOURIR
;	Fw	;
Sans	Vvc	Sans
quelque	Di	QUELQUE
métaphore	Nc	MÉTAPHORE
,	Fw	,
on	Pp	ON
ne	Rp	NE
peut	Vvc	POUVOIR
discourir	Vvn	DISCOURIR
.	Fs	.
Les	Da	LE
mots	Nc	MOT|MOTS
peuvent	Vvc	POUVOIR
mourir	Vvn	MOURIR
,	Fw	,
mais	Cc	MAIS
jamais	Rg	JAMAIS
métaphore	Nc	MÉTAPHORE
N'	Ag	N'
avait	Vuc	AVOIR
dressé	Ge	DRESSER
TOMBEAU	Nc	TOMBEAU
pour	S	POUR
de	Dn	UN
tels	Ag	TEL
mots	Nc	MOT|MOTS
encore	Rg	ENCORE
.	Fs	.
IL	Pp	IL
CONSTE	Vvc	CONSTE
,	Fw	,
IL	Vvc	IL
NOUS	Ag	NOUS
APPERT	Nc	APPERT
,	Fw	,
doivent	Vvc	DEVOIR
être	Vun	ÊTRE
abolis	Ge	ABOLIR
,	Fw	,
Mais	Vvc	Mais
on	Pp	ON
ne	Rp	NE
les	Pp	ILS
voit	Vvc	VOIR
pas	Rg	PAS
encore	Rg	ENCORE
ensevelis	Ge	ENSEVELIR
.	Fs	.
Je	Pp	JE
dis	Vvc	DIRE
que	Cs	QUE
la	Da	LE
coutume	Nc	COUTUME
assez	Rg	ASSEZ
souvent	Rg	SOUVENT
trop	Rg	TROP
forte	Ag	FORT
,	Fw	,
Fait	Vvc	FAIRE
dire	Vvn	DIRE
improprement	Rg	IMPROPREMENT
que	Cs	QUE
l'	Pp	IL
on	Pp	ON
""""	Fw	""""
ferme	Vvc	FERMER
la	Da	LE
porte	Nc	PORTE|PORTÉ
""""	Fw	""""
.	Fs	.
L'	Da	LE
usage	Nc	USAGE
tous	Di	TOUT
les	Da	LE
jours	Nc	JOUR|JOURS
autorise	Vvc	AUTORISER
des	Dn	UN
mots	Nc	MOT|MOTS
,	Fw	,
Dont	Vvc	Dont
on	Pp	ON
se	Pp	IL
sert	Vvc	SERVIR
pourtant	Rg	POURTANT
assez	Rg	ASSEZ
mal	Rg	MAL
à	S	À
propos	Nc	PROPOS
.	Fs	.
Pour	S	POUR
avoir	Vun	AVOIR
moins	Rg	MOINS
froid	Ag	FROID
à	S	À
la	Da	LE
fin	Nc	FIN
décembre	Nc	DÉCEMBRE
,	Fw	,
On	Vvc	On
va	Vvc	ALLER
""""	Fw	""""
pousser	Vvn	POUSSER
la	Da	LE
porte	Nc	PORTE|PORTÉ
""""	Fw	""""
,	Fw	,
et	Cc	ET
l'	Pp	IL
on	Pp	ON
""""	Fw	""""
ferme	Vvc	FERMER
sa	Ds	SON
chambre	Nc	CHAMBRE
""""	Fw	""""
.	Fs	.
En	S	EN
matière	Nc	MATIÈRE
d'	S	DE
État	Nc	État
,	Fw	,
vous	Pp	VOUS
savez	Vvc	SAVOIR
que	Cs	QUE
les	Da	LE
rois	Nc	ROI
N'	Ag	N'
ôtent	Vvc	ÔTER
pas	Rg	PAS
tout	Rg	TOUT
d'	S	DE
un	Dn	UN
coup	Nc	COUP
les	Da	LE
anciennes	Ag	ANCIEN
lois	Nc	LOI
;	Fw	;
De	Vvc	De
même	Rg	MÊME
dans	S	DANS
les	Da	LE
mots	Nc	MOT|MOTS
,	Fw	,
ce	Pd	CE
n'	Rp	NE
est	Vuc	ÊTRE
pas	Rg	PAS
être	Vun	ÊTRE
sage	Ag	SAGE
,	Fw	,
Que	Vvc	Que
d'	S	DE
ôter	Vvn	ÔTER
pleinement	Rg	PLEINEMENT
ce	Pd	CE
qu'	Pr	QUE
approuve	Vvc	APPROUVER
l'	Da	LE
usage	Nc	USAGE
.	Fs	.
Digne	Ag	DIGNE
raisonnement	Nc	RAISONNEMENT
!	Fs	!
Noble	Ag	NOBLE
comparaison	Nc	COMPARAISON
!	Fs	!
Gombeau	Nc	Gombeau
n'	Rp	NE
a	Vuc	AVOIR
pas	Rg	PAS
de	S	DE
tort	Nc	TORT
,	Fw	,
mais	Cc	MAIS
vous	Pp	VOUS
avez	Vuc	AVOIR
raison	Nc	RAISON
.	Fs	.
Messieurs	Nc	MONSIEUR
,	Fw	,
je	Pp	JE
veux	Vvc	VOULOIR
ôter	Vvn	ÔTER
un	Dn	UN
terme	Nc	TERME
de	S	DE
coquette	Nc	COQUET|COQUETTE
:	Fw	:
C'	Pd	CE
est	Vuc	ÊTRE
le	Da	LE
mot	Nc	MOT
d	Ag	d
'	Vvc	'
""""	Fw	""""
à	S	À
ravir	Vvn	RAVIR
""""	Fw	""""
.	Fs	.
Il	Pp	IL
est	Vuc	ÊTRE
bon	Ag	BON
en	S	EN
fleurette	Nc	FLEURETTE
.	Fs	.
Cet	Dd	CE
et	Cc	ET
cent	Nc	CENT
faux	Ag	FAUX
galants	Ga	GALER
en	S	EN
leur	Ds	LEUR
fade	Ag	FADE
entretien	Nc	ENTRETIEN
,	Fw	,
De	Vvc	De
ce	Dd	CE
mot	Nc	MOT
d'	S	DE
À	Nc	À
RAVIR	Nc	RAVIR
se	Pp	IL
servent	Vvc	SERVIR
assez	Rg	ASSEZ
bien	Rg	BIEN
:	Fw	:
Et	Cc	ET
principalement	Rg	PRINCIPALEMENT
dans	S	DANS
les	Da	LE
amours	Nc	AMOUR
de	S	DE
ville	Nc	VILLE
,	Fw	,
À	Nc	À
RAVIR	Nc	RAVIR
se	Pp	IL
rendra	Vvc	RENDRE
chaque	Di	CHAQUE
jour	Nc	JOUR
plus	Rg	PLUS
utile	Ag	UTILE
.	Fs	.
""""	Fw	""""
Nous	Pp	NOUS
n'	Rp	NE
avons	Vuc	AVOIR
parmi	S	PARMI
nous	Pp	NOUS
que	Cs	QUE
des	Dn	UN
auteurs	Nc	AUTEUR
de	S	DE
Cour	Nc	COUR
,	Fw	,
Et	Vvc	Et
partant	Ag	PARTANT
ennemis	Nc	ENNEMI
de	S	DE
ce	Dd	CE
dernier	Ag	DERNIER
amour	Nc	AMOUR
.	Fs	.
Les	Da	LE
dames	Nc	DAME
de	S	DE
Quartier	Nc	QUARTIER
auront	Vuc	AVOIR
leur	Ds	LEUR
COTTERIE	Nc	COTERIE
À	Nc	À
qui	Pr	QUI
nous	Pp	NOUS
laisserons	Vvc	LAISSER
le	Da	LE
droit	Nc	DROIT
de	S	DE
bourgeoisie	Nc	BOURGEOISIE
.	Fs	.
""""	Fw	""""
Que	Cs	QUE
ferons-nous	Nc	ferons-nous
,	Fw	,
Messieurs	Nc	MONSIEUR
,	Fw	,
de	S	DE
CAR	Nc	CAR
et	Cc	ET
de	S	DE
POURQUOI	Vvc	POURQUOI
?	Fs	?
Que	Pt	QUE
deviendrait	Vvc	DEVENIR
sans	S	SANS
CAR	Nc	CAR
l'	Da	LE
autorité	Nc	AUTORITÉ
du	S+Da	DE+LE
Roi	Nc	ROI
?	Fs	?
Le	Da	LE
Roi	Nc	ROI
sera	Vuc	ÊTRE
toujours	Rg	TOUJOURS
ce	Pd	CE
que	Pr	QUE
le	Da	LE
Roi	Nc	ROI
doit	Vvc	DEVOIR
être	Vun	ÊTRE
,	Fw	,
Et	Vvc	Et
ce	Pd	CE
n'	Rp	NE
est	Vuc	ÊTRE
pas	Rg	PAS
un	Dn	UN
mot	Nc	MOT
qui	Pr	QUI
le	Pp	IL
rend	Vvc	RENDRE
notre	Ds	NOTRE
maître	Nc	MAÎTRE
.	Fs	.
Beau	Ag	BEAU
titre	Nc	TITRE
que	Cs	QUE
le	Da	LE
CAR	Nc	CAR
,	Fw	,
au	S+Da	À+LE
suprême	Ag	SUPRÊME
pouvoir	Nc	POUVOIR
,	Fw	,
Pour	Nc	POUR
prescrire	Vvn	PRESCRIRE
aux	S+Da	À+LES
sujets	Nc	SUJET
la	Da	LE
règle	Nc	RÈGLE
et	Cc	ET
le	Da	LE
devoir	Nc	DEVOIR
!	Fs	!
3	Mc	@card@
Je	Nc	Je
vous	Pp	VOUS
connais	Vvc	CONNAÎTRE
Gombaud	Nc	Gombaud
;	Fw	;
vous	Pp	VOUS
êtes	Vuc	ÊTRE
hérétique	Ag	HÉRÉTIQUE
,	Fw	,
Et	Vvc	Et
partisan	Ag	PARTISAN
secret	Nc	SECRET
de	S	DE
toute	Di	TOUT
République	Nc	République
.	Fs	.
Je	Pp	JE
suis	Vuc	ÊTRE
fort	Rg	FORT
bon	Ag	BON
sujet	Nc	SUJET
,	Fw	,
et	Cc	ET
le	Pp	IL
serai	Vuc	ÊTRE
toujours	Rg	TOUJOURS
;	Fw	;
Prêt	Vvc	Prêt
de	S	DE
mourir	Vvn	MOURIR
pour	S	POUR
CAR	Nc	CAR
,	Fw	,
après	S	APRÈS
un	Dn	UN
tel	Ag	TEL
discours	Nc	DISCOURS
.	Fs	.
Du	S+Da	DE+LE
CAR	Nc	CAR
viennent	Vvc	VENIR
des	Dn	UN
lois	Nc	LOI
:	Fw	:
sans	S	SANS
CAR	Nc	CAR
,	Fw	,
pour	S	POUR
d'	Dn	UN
Ordonnance	Nc	ORDONNANCE
;	Fw	;
Et	Vvc	Et
ce	Pd	CE
ne	Rp	NE
serait	Vuc	ÊTRE
plus	Rg	PLUS
que	Cs	QUE
désordre	Nc	DÉSORDRE
et	Cc	ET
licence	Nc	LICENCE
.	Fs	.
Je	Pp	JE
demande	Vvc	DEMANDER
pardon	Rg	PARDON
,	Fw	,
si	Cs	SI
trop	Rg	TROP
mal	Rg	MAL
à	S	À
propos	Nc	PROPOS
,	Fw	,
J'	Vvc	J'
ai	Vuc	AVOIR
parlé	Ge	PARLER
contre	S	CONTRE
un	Dn	UN
mot	Nc	MOT
qui	Pr	QUI
maintient	Vvc	MAINTENIR
le	Da	LE
repos	Nc	REPOS
.	Fs	.
L'	Da	LE
effort	Nc	EFFORT
de	S	DE
votre	Ds	VOTRE
esprit	Nc	ESPRIT
en	S	EN
chose	Nc	CHOSE
imaginaire	Ag	IMAGINAIRE
,	Fw	,
Vous	Nc	Vous
rendra	Vvc	RENDRE
,	Fw	,
Desmarets	Nc	Desmarets
,	Fw	,
un	Dn	UN
grand	Ag	GRAND
visionnaire	Nc	VISIONNAIRE
.	Fs	.
Le	Pp	IL
POÈTE	Vvc	POÈTE
,	Fw	,
le	Da	LE
VAILLANT	Nc	VAILLANT
,	Fw	,
le	Da	LE
RICHE	Nc	RICHE
,	Fw	,
l'	Da	LE
AMOUREUX	Nc	AMOUREUX
,	Fw	,
Feront	Vvc	FAIRE
de	S	DE
leur	Ds	LEUR
auteur	Nc	AUTEUR
un	Dn	UN
aussi	Rg	AUSSI
grand	Ag	GRAND
fou	Ag	FOU
qu'	Cs	QUE
eux	Pp	EUX
.	Fs	.
Un	Dn	UN
faiseur	Nc	FAISEUR
de	S	DE
romans	Nc	ROMAN
,	Fw	,
père	Nc	PÈRE
de	S	DE
POLEXANDRE	Nc	POLEXANDRE
,	Fw	,
À	Nc	À
corriger	Vvn	CORRIGER
les	Da	LE
fous	Nc	FOU
n'	Rp	NE
a	Vuc	AVOIR
pas	Rg	PAS
droit	Ag	DROIT
de	S	DE
prétendre	Vvn	PRÉTENDRE
.	Fs	.
Ni	Cc	NI
vous	Pp	VOUS
autres	Ag	AUTRE
,	Fw	,
Messieurs	Nc	MONSIEUR
,	Fw	,
droit	Nc	DROIT
de	S	DE
vous	Pp	VOUS
quereller	Vvn	QUERELLER
;	Fw	;
Laissera	Vvc	LAISSER
CAR	Nc	CAR
en	S	EN
paix	Nc	PAIX
;	Fw	;
il	Pp	IL
n'	Rp	NE
en	Pp	EN
faut	Vvc	FAILLIR|FALLOIR
plus	Rg	PLUS
parler	Vvn	PARLER
.	Fs	.
Et	Cc	ET
le	Pp	IL
POURQUOI	Vvc	POURQUOI
,	Fw	,
Messieurs	Nc	MONSIEUR
?	Fs	?
Sans	S	SANS
cesse	Nc	CESSE
il	Pp	IL
questionne	Vvc	QUESTIONNER
.	Fs	.
Qu'	Cs	QUE
il	Pp	IL
soit	Vuc	ÊTRE
moins	Rg	MOINS
importun	Ag	IMPORTUN
,	Fw	,
ou	Cc	OU
bien	Rg	BIEN
on	Pp	ON
l'	Pp	IL
abandonne	Vvc	ABANDONNER
.	Fs	.
Je	Pp	JE
ne	Rp	NE
saurais	Vvc	SAURER|SAVOIR
souffrir	Vvn	SOUFFRIR
le	Da	LE
vieux	Ag	VIEUX
AUPARAVANT	Nc	AUPARAVANT
,	Fw	,
Qui	Vvc	Qui
se	Pp	IL
trouve	Vvc	TROUVER
cent	Nc	CENT
fois	Nc	FOI|FOIS
à	S	À
la	Da	LE
place	Nc	PLACE|PLACÉ
d'	S	DE
AVANT	Ga	AVANT
.	Fs	.
Pour	S	POUR
mes	Ds	MON
traductions	Nc	TRADUCTION
c'	Pd	CE
est	Vuc	ÊTRE
un	Dn	UN
mot	Nc	MOT
nécessaire	Ag	NÉCESSAIRE
;	Fw	;
Et	Vvc	Et
si	Cs	SI
l'	Pp	IL
on	Pp	ON
s'	Pp	SE
en	Pp	EN
sert	Vvc	SERVIR
mal	Rg	MAL
,	Fw	,
je	Pp	JE
n'	Rp	NE
y	Pp	Y
saurais	Vvc	SAURER|SAVOIR
que	Rg	QUE
faire	Vvn	FAIRE
.	Fs	.
Peut-être	Rg	Peut-être
voudrez	Vvc	VOULOIR
-vous	Nc	-vous
garder	Vvn	GARDER
encore	Rg	ENCORE
JADIS	Vvc	JADIS
?	Fs	?
Sans	S	SANS
lui	Pp	IL
,	Fw	,
comment	Rt	COMMENT
rimer	Vvn	RIMER
si	Rg	SI
bien	Rg	BIEN
à	S	À
PARADIS	Nc	PARADIS
?	Fs	?
PARADIS	Nc	PARADIS
est	Vuc	ÊTRE
un	Dn	UN
mot	Nc	MOT
ignoré	Ge	IGNORER
du	S+Da	DE+LE
Parnasse	Vvc	Parnasse
,	Fw	,
Et	Vvc	Et
les	Pp	ILS
""""	Fw	""""
Cieux	Ag	Cieux
""""	Fw	""""
,	Fw	,
dans	S	DANS
nos	Ds	NOTRE
vers	Nc	VER|VERS|VERT
,	Fw	,
auront	Vuc	AVOIR
meilleure	Ag	MEILLEUR
grâce	Nc	GRÂCE
.	Fs	.
Que	Pt	QUE
dira	Vvc	DIRE
Colletet	Nc	Colletet
?	Fs	?
Le	Da	LE
plus	Rg	PLUS
grand	Ag	GRAND
de	S	DE
mes	Ds	MON
soins	Nc	SOIN
Est	Vvc	Est
d'	S	DE
ôter	Vvn	ÔTER
NONOBSTANT	Ga	NONOBSTANT
,	Fw	,
et	Cc	ET
casser	Vvn	CASSER
NÉANMOINS	Vvc	NÉANMOINS
.	Fs	.
Condamner	Vvn	CONDAMNER
NÉANMOINS	Vvc	NÉANMOINS
!	Fs	!
D'	S	DE
où	Pr	OÙ
vient	Vvc	VENIR
cette	Dd	CE
pensée	Nc	PENSÉE
?	Fs	?
Colletet	Nc	Colletet
,	Fw	,
avez	Vuc	AVOIR
-vous	Ge	-vous
la	Da	LE
cervelle	Nc	CERVELLE
blessée	Ge	BLESSER
?	Fs	?
NÉANMOINS	Vvc	NÉANMOINS
!	Fs	!
Qui	Pt	QUI
remplit	Vvc	REMPLIR
et	Cc	ET
coule	Vvc	COULER
doucement	Rg	DOUCEMENT
;	Fw	;
Qui	Vvc	Qui
met	Vvc	METTRE
dans	S	DANS
le	Da	LE
discours	Nc	DISCOURS
un	Dn	UN
certain	Ag	CERTAIN
ornement	Nc	ORNEMENT
...	Fs	...
Pour	Nc	POUR
casser	Vvn	CASSER
NONOBSTANT	Ga	NONOBSTANT
,	Fw	,
c'	Pd	CE
est	Vuc	ÊTRE
un	Dn	UN
méchant	Ag	MÉCHANT
office	Nc	OFFICE
,	Fw	,
Que	Vvc	Que
nous	Pp	NOUS
nous	Pp	NOUS
rendrions	Vvc	RENDRE
dans	S	DANS
les	Da	LE
cours	Nc	COUR|COURS|COURT
de	S	DE
Justice	Nc	JUSTICE
.	Fs	.
Puisque	Cs	PUISQUE
CAR	Nc	CAR
est	Vuc	ÊTRE
sauvé	Ge	SAUVER
laissons	Vvc	LAISSER
le	Da	LE
reste	Nc	RESTE
en	S	EN
paix	Nc	PAIX
,	Fw	,
Et	Vvc	Et
faisons	Vvc	FAIRE
une	Dn	UN
loi	Nc	LOI
qui	Pr	QUI
demeure	Vvc	DEMEURER
à	S	À
jamais	Rg	JAMAIS
.	Fs	.
«	Fw	«
Les	Vvc	Les
Auteurs	Nc	AUTEUR
assemblés	Ge	ASSEMBLER
pour	S	POUR
régler	Vvn	RÉGLER
le	Da	LE
langage	Nc	LANGAGE
,	Fw	,
Ont	Vvc	Ont
enfin	Rg	ENFIN
décidé	Ge	DÉCIDER
dans	S	DANS
leur	Ds	LEUR
aréopage	Nc	ARÉOPAGE
:	Fw	:
Voici	S	VOICI
les	Da	LE
mots	Nc	MOT|MOTS
soufferts	Ge	SOUFFRIR
,	Fw	,
voici	S	VOICI
les	Da	LE
mots	Nc	MOT|MOTS
cassés	Ge	CASSER
...	Fw	...
»	Fw	»
Monsieur	Nc	MONSIEUR
de	S	DE
Serisay	Vvc	Serisay
,	Fw	,
c'	Pd	CE
est	Vuc	ÊTRE
à	S	À
vous	Pp	VOUS
:	Fw	:
prononcez	Vvc	PRONONCER
.	Fs	.
Grâce	Vvc	Grâce
à	S	À
Dieu	Nc	DIEU
,	Fw	,
Compagnons	Vvc	Compagnons
,	Fw	,
la	Da	LE
divine	Ag	DIVIN
assemblée	Nc	ASSEMBLÉE
A	Vvc	A
si	Rg	SI
bien	Rg	BIEN
travaillé	Ge	TRAVAILLER
,	Fw	,
que	Cs	QUE
la	Da	LE
langue	Nc	LANGUE
est	Vuc	ÊTRE
réglée	Ge	RÉGLER
.	Fs	.
Nous	Pp	NOUS
avons	Vuc	AVOIR
retouché	Ge	RETOUCHER
ces	Dd	CE
durs	Ag	DUR
et	Cc	ET
rudes	Ag	RUDE
mots	Nc	MOT|MOTS
,	Fw	,
Qui	Vvc	Qui
semblaient	Vvc	SEMBLER
introduits	Ge	INTRODUIRE
par	S	PAR
les	Da	LE
barbares	Ag	BARBARE
Goths	Nc	Goths
;	Fw	;
Et	Vvc	Et
s'	Cs	SI
il	Pp	IL
n'	Rp	NE
en	Pp	EN
reste	Vvc	RESTER
aucun	Pi	AUCUN
en	S	EN
faveur	Nc	FAVEUR
de	S	DE
l'	Da	LE
usage	Nc	USAGE
,	Fw	,
Il	Vvc	Il
sera	Vuc	ÊTRE
désormais	Rg	DÉSORMAIS
un	Dn	UN
méchant	Ag	MÉCHANT
personnage	Nc	PERSONNAGE
.	Fs	.
OR	Nc	OR
,	Fw	,
qui	Pr	QUI
fit	Vvc	FAIRE
l'	Da	LE
important	Nc	IMPORTANT
,	Fw	,
déchu	Ge	DÉCHOIR
de	S	DE
tous	Di	TOUT
honneurs	Nc	HONNEUR
,	Fw	,
Ne	Vvc	Ne
pourra	Vvc	POUVOIR
plus	Rg	PLUS
servir	Vvn	SERVIR
qu'	Cs	QUE
à	S	À
de	Dn	UN
vieux	Ag	VIEUX
raisonneurs	Nc	RAISONNEUR
.	Fs	.
COMBIEN	Rg	COMBIEN
QUE	Vvc	QUE
,	Fw	,
POUR	Nc	POUR
CE	Ag	CE
QUE	Vvc	QUE
,	Fw	,
sont	Vuc	ÊTRE
un	Dn	UN
son	Nc	SON
incommode	Ag	INCOMMODE
,	Fw	,
Et	Vvc	Et
D'AUTANT	Ga	D'AUTANT
et	Cc	ET
PARFOIS	Vvc	PARFOIS
ne	Rp	NE
sont	Vuc	ÊTRE
plus	Rg	PLUS
à	S	À
la	Da	LE
mode	Nc	MODE
.	Fs	.
IL	Pp	IL
CONSTE	Vvc	CONSTE
,	Fw	,
IL	Vvc	IL
NOUS	Ag	NOUS
APPERT	Nc	APPERT
,	Fw	,
sont	Vuc	ÊTRE
termes	Nc	TERME
de	S	DE
barreau	Nc	BARREAU
;	Fw	;
Mais	Vvc	Mais
le	Da	LE
plaideur	Nc	PLAIDEUR
français	Ag	FRANÇAIS
aime	Vvc	AIMER
un	Dn	UN
air	Nc	AIR
plus	Rg	PLUS
nouveau	Ag	NOUVEAU
.	Fs	.
IL	Pp	IL
APPERT	Nc	APPERT
était	Vuc	ÊTRE
bon	Ag	BON
pour	S	POUR
Cujas	Vvc	Cujas
et	Cc	ET
Barthole	Vvc	Barthole
;	Fw	;
IL	Vvc	IL
CONSTE	Nc	CONSTE
ira	Vvc	ALLER
trouver	Vvn	TROUVER
la	Da	LE
Parlement	Nc	PARLEMENT
de	S	DE
Dôle	Nc	Dôle
,	Fw	,
Où	Vvc	Où
,	Fw	,
malgré	S	MALGRÉ
sa	Ds	SON
vieillesse	Nc	VIEILLESSE
,	Fw	,
il	Pp	IL
se	Pp	IL
rendra	Vvc	RENDRE
commun	Ag	COMMUN
;	Fw	;
Par	Nc	PAR
les	Da	LE
graves	Ag	GRAVE
discours	Nc	DISCOURS
de	S	DE
l'	Da	LE
Orateur	Nc	ORATEUR
Le	Vvc	Le
Brun	Nc	BRUN
.	Fs	.
Du	S+Da	DE+LE
pieux	Ag	PIEUX
Chapelain	Nc	CHAPELAIN
la	Da	LE
bonté	Nc	BONTÉ
paternelle	Ag	PATERNEL
Peut	Vvc	POUVOIR
garder	Vvn	GARDER
son	Ds	SON
tombeau	Nc	TOMBEAU
pour	S	POUR
sa	Ds	SON
propre	Ag	PROPRE
PUCELLE	Nc	PUCEAU
.	Fs	.
Aux	S+Da	À+LES
stériles	Ag	STÉRILE
esprits	Nc	ESPRIT|ESPRITS
,	Fw	,
dans	S	DANS
leur	Ds	LEUR
fade	Ag	FADE
entretien	Nc	ENTRETIEN
,	Fw	,
On	Vvc	On
permet	Vvc	PERMETTRE
À	Nc	À
RAVIR	Nc	RAVIR
,	Fw	,
lequel	Pr	LEQUEL
n'	Rp	NE
exprime	Vvc	EXPRIMER
rien	Pi	RIEN
.	Fs	.
JADIS	Rg	JADIS
est	Vuc	ÊTRE
conservé	Ge	CONSERVER
par	S	PAR
respect	Nc	RESPECT
pour	S	POUR
Malherbe	Vvc	Malherbe
.	Fs	.
Dans	S	DANS
l'	Da	LE
Ode	Nc	ODE
il	Pp	IL
a	Vuc	AVOIR
marché	Ge	MARCHER
,	Fw	,
JADIS	Vvc	JADIS
,	Fw	,
grave	Ag	GRAVE
et	Cc	ET
superbe	Ag	SUPERBE
;	Fw	;
Et	Vvc	Et
de	S	DE
là	Rg	LÀ
s'	Pp	SE
abaissant	Ga	ABAISSER
aux	S+Da	À+LES
saveurs	Nc	SAVEUR
de	S	DE
Scarron	Nc	Scarron
,	Fw	,
Il	Vvc	Il
a	Vuc	AVOIR
pris	Ge	PRENDRE
l'	Da	LE
air	Nc	AIR
burlesque	Ag	BURLESQUE
et	Cc	ET
le	Da	LE
comique	Nc	COMIQUE
ton	Ds	TON
;	Fw	;
Mais	Vvc	Mais
il	Pp	IL
demeure	Vvc	DEMEURER
exclu	Ge	EXCLURE
du	S+Da	DE+LE
discours	Nc	DISCOURS
ordinaire	Ag	ORDINAIRE
:	Fw	:
Vieux	Ag	VIEUX
JADIS	Vvc	JADIS
,	Fw	,
c'	Pd	CE
est	Vuc	ÊTRE
pour	S	POUR
tout	Pi	TOUT
ce	Pd	CE
que	Pr	QUE
l'	Pp	IL
on	Pp	ON
peut	Vvc	POUVOIR
faire	Vvn	FAIRE
.	Fs	.
Il	Pp	IL
faudra	Vvc	FAILLIR|FALLOIR
modérer	Vvn	MODÉRER
cet	Dd	CE
indiscret	Ag	INDISCRET
POURQUOI	Vvc	POURQUOI
,	Fw	,
Et	Vvc	Et
révérer	Vvn	RÉVÉRER
le	Da	LE
CAR	Nc	CAR
,	Fw	,
pour	S	POUR
l'	Da	LE
intérêt	Nc	INTÉRÊT
du	S+Da	DE+LE
Roi	Nc	ROI
.	Fs	.
En	S	EN
toutes	Di	TOUT
nations	Nc	NATION
la	Da	LE
coutume	Nc	COUTUME
est	Vuc	ÊTRE
bien	Rg	BIEN
forte	Ag	FORT
;	Fw	;
On	Vvc	On
dire	Vvn	DIRE
cependant	Rg	CEPENDANT
que	Cs	QUE
l'	Pp	IL
on	Pp	ON
POUSSE	Vvc	POUSSER
LA	Nc	LA
PORTE	Vvc	PORTER
.	Fs	.
Nous	Pp	NOUS
souffrons	Vvc	SOUFFRIR
NÉANMOINS	Vvc	NÉANMOINS
;	Fw	;
et	Cc	ET
craignons	Vvc	CRAINDRE
le	Pp	IL
Palais	Vvc	Palais
,	Fw	,
Nous	Vvc	Nous
laissons	Vvc	LAISSER
NONOBSTANT	Ga	NONOBSTANT
en	S	EN
repos	Nc	REPOS
pour	S	POUR
jamais	Rg	JAMAIS
.	Fs	.
Qu'	Cs	QUE
en	S	EN
milieu	Nc	MILIEU
des	S+Da	DE+LE|DE+LES
cités	Nc	CITÉ
,	Fw	,
la	Da	LE
vaine	Ag	VAIN
COTTERIE	Nc	COTERIE
Au	Vvc	Au
prodigue	Nc	PRODIGUE
CADEAU	Nc	CADEAU
soit	Vuc	ÊTRE
toujours	Rg	TOUJOURS
assortie	Ge	ASSORTIR
:	Fw	:
Et	Cc	ET
que	Cs	QUE
dans	S	DANS
le	Da	LE
repos	Nc	REPOS
,	Fw	,
ainsi	Rg	AINSI
que	Cs	QUE
dans	S	DANS
l'	Da	LE
amour	Nc	AMOUR
,	Fw	,
Ils	Vvc	Ils
demeurent	Vvc	DEMEURER
bourgeois	Nc	BOURGEOIS
éloignés	Ge	ÉLOIGNER
de	S	DE
la	Da	LE
Cour	Nc	COUR
.	Fs	.
Auteurs	Nc	AUTEUR
,	Fw	,
mes	Ds	MON
Compagnons	Nc	COMPAGNON
,	Fw	,
qui	Pr	QUI
réglez	Vvc	RÉGLER
le	Da	LE
langage	Nc	LANGAGE
,	Fw	,
Avons-nous	Vvc	Avons-nous
assez	Rg	ASSEZ
fait	Ge	FAIRE
?	Fs	?
En	Pp	EN
faut-il	Vvc	faut-il
davantage	Rg	DAVANTAGE
?	Fs	?
Voilà	Vvc	Voilà
ce	Pd	CE
qu'	Pr	QUE
à	S	À
peu	Rg	PEU
près	Rg	PRÈS
nous	Pp	NOUS
pensons	Vvc	PENSER
réformer	Vvn	RÉFORMER
:	Fw	:
Anathème	Vvc	Anathème
sur	S	SUR
ceux	Pd	CELUI
qui	Pr	QUI
voudront	Vvc	VOULOIR
le	Pp	IL
blâmer	Vvn	BLÂMER
;	Fw	;
Et	Vvc	Et
soit	Cs	SOIT
traiter	Vvn	TRAITER
chez	S	CHEZ
nous	Pp	NOUS
plus	Rg	PLUS
mal	Rg	MAL
qu'	Cs	QUE
un	Dn	UN
hérétique	Ag	HÉRÉTIQUE
,	Fw	,
Qui	Vvc	Qui
ne	Rp	NE
reconnaîtra	Vvc	RECONNAÎTRE
la	Da	LE
TOUPE	Nc	TOUPE
ACADÉMIQUE	Ag	ACADÉMIQUE
.	Fs	.
À	Vvc	À
ce	Dd	CE
divin	Ag	DIVIN
arrêt	Nc	ARRÊT
,	Fw	,
des	S+Da	DE+LE|DE+LES
arrêts	Nc	ARRÊT
le	Da	LE
plus	Rg	PLUS
beau	Ag	BEAU
,	Fw	,
Je	Vvc	Je
m'	Pp	JE
en	Pp	EN
vais	Vvc	ALLER
tout	Rg	TOUT
à	S	À
l'	Da	LE
heure	Nc	HEURE|HURE
apposer	Vvn	APPOSER
le	Da	LE
grand	Ag	GRAND
sceau	Nc	SCEAU
.	Fs	.
